model_id,provider,type,lifecycle,input_type,output_type,pricing
0xsero-glm-4.7-reap-218b-a32b-w4a16,Zhipu AI,Chat completion,,,,
0xsero-glm-4.7-reap-50-w4a16,Zhipu AI,Chat completion,,,,
ALLaM-2-7b-instruct,SDAIA,Chat completion,,,,
Atomica,Microsoft,Embeddings,,,,
Aurora,Microsoft,Environmental forecasting,,,,
AutoML-Image-Classification,Microsoft,Image classification,,,,
AutoML-Image-Instance-Segmentation,NVIDIA,Image segmentation,,,,
AutoML-Image-Object-Detection,Microsoft,Object detection,,,,
Azure-AI-Content-Safety,Microsoft,"Content safety,Content filters,Responsible AI",,,,
Azure-AI-Content-Understanding,Microsoft,"Intelligent content processing,Custom extraction,Image analysis,Text analysis,Video analysis,Document analysis,Audio analysis",,,,
Azure-AI-Document-Intelligence,Microsoft,"Intelligent document processing,Document ingestion,Custom extraction",,,,
Azure-AI-Vision,Microsoft,"Face detection,Image analysis,Optical character recognition",,,,
Azure-Content-Understanding-Layout,Microsoft,"Intelligent content processing,Custom extraction,Text analysis,Document analysis",,,,
Azure-Content-Understanding-Read,Microsoft,"Intelligent content processing,Custom extraction,Text analysis,Document analysis",,,,
Azure-Language-Conversational-PII-redaction,Microsoft,Conversation pii extraction,,,,
Azure-Language-Document-PII-redaction,Microsoft,Document pii extraction,,,,
Azure-Language-Language-detection,Microsoft,Detect language,,,,
Azure-Language-Text-Analytics-for-Health,Microsoft,Health entity extraction,,,,
Azure-Language-Text-PII-redaction,Microsoft,Text pii extraction,,,,
Azure-Speech-Speech-Translation,Microsoft,"Translation,Speech translation",,,,
Azure-Speech-Speech-to-text,Microsoft,"Automatic speech recognition,Speech to text",,,,
Azure-Speech-Text-to-speech,Microsoft,"Text to speech,Audio generation",,,,
Azure-Speech-Text-to-speech-Avatar,Microsoft,"Video generation,Audio generation",,,,
Azure-Speech-Voice-Live,Microsoft,"Conversational AI,Speech to text,Text to speech",,,,
Azure-Translator-Document-translation,Microsoft,"Translation,Document translation",,,,
Azure-Translator-Text-translation,Microsoft,"Translation,Document translation",,,,
BioEmu,Microsoft,Protein structure prediction,,,,
BiomedCLIP-PubMedBERT_256-vit_base_patch16_224,HuggingFace,Zero shot image classification,,,,
Boltz-1,Microsoft,Embeddings,,,,
Boltz2-NIM-microservice,NVIDIA,Structure Prediction,,,,
Bria-2.3-Fast,Bria AI,Text to image,,,,
Cell2Sentence-Embedding,Microsoft,Embedding,,,,
Cerence-CaLLM-Edge,Cerence,Chat completion,,,,
CodeLlama-13b-Instruct-hf,Meta,Text generation,,,,
CodeLlama-13b-Python-hf,Meta,Text generation,,,,
CodeLlama-13b-hf,Meta,Text generation,,,,
CodeLlama-34b-Instruct-hf,Meta,Text generation,,,,
CodeLlama-34b-Python-hf,Meta,Text generation,,,,
CodeLlama-34b-hf,Meta,Text generation,,,,
CodeLlama-70b-Instruct-hf,Meta,Text generation,,,,
CodeLlama-70b-Python-hf,Meta,Text generation,,,,
CodeLlama-70b-hf,Meta,Text generation,,,,
CodeLlama-7b-Instruct-hf,Meta,Text generation,,,,
CodeLlama-7b-Python-hf,Meta,Text generation,,,,
CodeLlama-7b-hf,Meta,Text generation,,,,
Codestral-2501,Mistral AI,Chat completion,,,,
Cohere-embed-v3-english,Cohere,Embeddings,,,,
Cohere-embed-v3-multilingual,Cohere,Embeddings,,,,
Cohere-rerank-v4.0-fast,Cohere,Text classification,,,,
Cohere-rerank-v4.0-pro,Cohere,Text classification,,,,
Cosmos-reason1-NIM-microservice,NVIDIA,"Task completion verification,Action affordance,Next plausible action prediction",,,,
CxrReportGen,Microsoft,Image text to text,,,,
CxrReportGen-Premium,Microsoft,Image text to text,,,,
Deci-DeciCoder-1b,Deci AI,Text generation,,,,
Deci-DeciLM-7B,Deci AI,Text generation,,,,
Deci-DeciLM-7B-instruct,Deci AI,Text generation,,,,
DeepSeek-R1,DeepSeek,Chat completion,,,,
DeepSeek-R1-0528,DeepSeek,Chat completion,,,,
DeepSeek-R1-Distilled-NPU-Optimized,DeepSeek,Chat completion,,,,
DeepSeek-V3-0324,DeepSeek,Chat completion,,,,
DeepSeek-V3.1,DeepSeek,Chat completion,,,,
DeepSeek-V3.2,DeepSeek,Chat completion,,,,
DeepSeek-V3.2-Speciale,DeepSeek,Chat completion,,,,
DeepSeek-V4-Flash,DeepSeek,Chat completion,,,,
DeepSeek-V4-Pro,DeepSeek,Chat completion,,,,
Deepseek-R1-Distill-Llama-8B-NIM-microservice,NVIDIA,Chat completion,,,,
Domyn-Large,Domyn,Chat completion,,,,
E.L.Y.Crop-Protection,HuggingFace,Chat completion,,,,
Evo2-40b-NIM-microservice,NVIDIA,Genomics,,,,
EvoDiff,Microsoft,Protein sequence generation,,,,
FLUX.2-flex,Black Forest Labs,"Text to image,Image to image",,,,
FLUX.2-pro,Black Forest Labs,"Text to image,Image to image",,,,
FW-DeepSeek-V3.1,Fireworks,Chat completion,,,,
FW-DeepSeek-V3.2,Fireworks,Chat completion,,,,
FW-DeepSeek-V4-Pro,Fireworks,Chat completion,,,,
FW-GLM-4.7,Fireworks,Chat completion,,,,
FW-GLM-5,Fireworks,Chat completion,,,,
FW-GPT-OSS-120B,Fireworks,Chat completion,,,,
FW-Gemma-4-26B-A4B-IT,Fireworks,Chat completion,,,,
FW-Gemma-4-31B-IT,Fireworks,Chat completion,,,,
FW-Kimi-K2-Instruct-0905,Fireworks,Chat completion,,,,
FW-Kimi-K2-Thinking,Fireworks,Chat completion,,,,
FW-Kimi-K2.5,Fireworks,Chat completion,,,,
FW-Kimi-K2.6,Fireworks,Chat completion,,,,
FW-Llama-v3.1-8B-Instruct,Fireworks,Chat completion,,,,
FW-MiniMax-M2.5,Fireworks,Chat completion,,,,
FW-Ministral-3-3B-Instruct-2512,Fireworks,Chat completion,,,,
FW-Qwen3-14B,Fireworks,Chat completion,,,,
FW-Qwen3.5-122B-A10B,Fireworks,Chat completion,,,,
FW-Qwen3.5-35B-A3B,Fireworks,Chat completion,,,,
FW-Qwen3.5-397B-A17B,Fireworks,Chat completion,,,,
FW-Qwen3.5-9B,Fireworks,Chat completion,,,,
FW-Qwen3.6-35B-A3B,Fireworks,Chat completion,,,,
Facebook-DinoV2-Image-Embeddings-ViT-Base,Meta,Embeddings,,,,
Facebook-DinoV2-Image-Embeddings-ViT-Giant,Meta,Embeddings,,,,
Fara-7B,HuggingFace,Image to text,,,,
Fara1.5-9B,HuggingFace,"Web agent tasks,Gui grounding,Image to text",,,,
Flux-1.1-Pro,Black Forest Labs,Text to image,,,,
Flux.1-Kontext-pro,Black Forest Labs,"Text to image,Image to image",,,,
Gretel-Navigator-Tabular,Gretel,"Chat completion,Data generation",,,,
Higgs-Audio-v2.5,Boson AI,Audio generation,,,,
HuggingFaceTB-SmolLM3-3B,HuggingFace,Chat completion,,,,
Jean-Baptiste-camembert-ner,HuggingFace,Token classification,,,,
Kimi-K2.5,Moonshot AI,Chat completion,,,,
Kimi-K2.6,Moonshot AI,Chat completion,,,,
LFM2-2.6B-InsilicoMMAI-Chem-SSRS-1.1,Microsoft,Chat completion,,,,
Llama-3.1-8B-Instruct-NIM-microservice,NVIDIA,Chat completion,,,,
Llama-3.1-Nemotron-Nano-8B-v1-NIM-microservice,NVIDIA,Chat completion,,,,
Llama-3.1-Nemotron-Nano-VL-8B-v1-NIM-microservice,NVIDIA,"Image classification,Image to text,Summarization,Visual question answering,Zero shot image classification",,,,
Llama-3.2-11B-Vision-Instruct,Meta,Chat completion,,,,
Llama-3.2-1B,Meta,Text generation,,,,
Llama-3.2-1B-Instruct,Meta,Chat completion,,,,
Llama-3.2-3B,Meta,Text generation,,,,
Llama-3.2-3B-Instruct,Meta,Chat completion,,,,
Llama-3.2-90B-Vision-Instruct,Meta,Chat completion,,,,
Llama-3.2-NV-embedqa-1b-v2-NIM-microservice,NVIDIA,Embeddings,,,,
Llama-3.2-NV-rerankqa-1b-v2-NIM-microservice,NVIDIA,Text classification,,,,
Llama-3.3-70B-Instruct,Meta,Chat completion,,,,
Llama-3.3-70B-Instruct-NIM-microservice,NVIDIA,Chat completion,,,,
Llama-3.3-Nemotron-Super-49B-v1-NIM-microservice,NVIDIA,Chat completion,,,,
Llama-3.3-Nemotron-Super-49B-v1.5-NIM-microservice,NVIDIA,"Chat completion,Summarization",,,,
Llama-4-Maverick-17B-128E-Instruct-FP8,Meta,Chat completion,,,,
Llama-4-Scout-17B-16E,Meta,Chat completion,,,,
Llama-4-Scout-17B-16E-Instruct,Meta,Chat completion,,,,
Llama-Guard-3-11B-Vision,Meta,Chat completion,,,,
Llama-Guard-3-1B,Meta,Chat completion,,,,
Llama-Guard-3-8B,Meta,Chat completion,,,,
MAI-Image-2.5,Microsoft,Text to image,,,,
MAI-Image-2.5-Flash,Microsoft,Text to image,,,,
MAI-Image-2e,Microsoft,Text to image,,,,
MAI-Transcribe-1,Microsoft,"Automatic speech recognition,Speech to text",,,,
MAI-Transcribe-1.5,Microsoft,"Automatic speech recognition,Speech to text",,,,
MAI-Voice-1,Microsoft,"Text to speech,Audio generation",,,,
MAI-Voice-2,Microsoft,"Text to speech,Audio generation",,,,
MSA-search-NIM-microservice,NVIDIA,Protein binder,,,,
MagenticBrain-14B,Microsoft,Chat completion,,,,
MatterGen,Microsoft,Materials design,,,,
MatterSim,Microsoft,Materials design,,,,
MedImageInsight,Microsoft,Embeddings,,,,
MedImageInsight-Premium,Microsoft,Embeddings,,,,
MedImageInsight-onnx,Microsoft,Embeddings,,,,
MedImageParse,Microsoft,Image segmentation,,,,
MedImageParse3D,Microsoft,Image segmentation,,,,
MedSAM2,Microsoft,Image segmentation,,,,
MedVAE-8-4-2d,Microsoft,Embedding,,,,
Mercury,Nixtla,"Chat completion,Completions,Text generation,Summarization",,,,
Meta-Llama-3-70B,Meta,Text generation,,,,
Meta-Llama-3-70B-Instruct,Meta,Chat completion,,,,
Meta-Llama-3-8B,Meta,Text generation,,,,
Meta-Llama-3-8B-Instruct,Meta,Chat completion,,,,
Meta-Llama-3.1-405B-Instruct,Meta,Chat completion,,,,
Meta-Llama-3.1-70B,Meta,Text generation,,,,
Meta-Llama-3.1-70B-Instruct,Meta,Chat completion,,,,
Meta-Llama-3.1-8B,Meta,Text generation,,,,
Meta-Llama-3.1-8B-Instruct,Meta,Chat completion,,,,
Ministral-3B,Mistral AI,Chat completion,,,,
Ministral-8B,Mistral AI,Chat completion,,,,
Mistral-7B-Instruct-v0.3-NIM-microservice,NVIDIA,Chat completion,,,,
Mistral-Large-3,Mistral AI,Chat completion,,,,
Mixtral-8x7B-Instruct-v0.1-NIM-microservice,NVIDIA,Chat completion,,,,
Muse,Microsoft,Image to image,,,,
NVIDIA-Nemotron-3-Content-Safety-NIM-microservice,NVIDIA,"Text classification,Image classification",,,,
NVIDIA-Nemotron-3-Nano-NIM-microservice,NVIDIA,Chat completion,,,,
NVIDIA-Nemotron-3-Super-NIM-microservice,NVIDIA,"Chat completion,Question answering,Summarization,Text generation,Text summarization",,,,
NVIDIA-Nemotron-3-Ultra-NIM-microservice,NVIDIA,"Chat completion,Question answering,Summarization,Text generation,Text summarization",,,,
NVIDIA-Nemotron-Content-Safety-Reasoning-4B-NIM-microservice,NVIDIA,Text classification,,,,
NVIDIA-Nemotron-Nano-12B-v2-VL-NIM-microservice,NVIDIA,Chat completion,,,,
NVIDIA-Nemotron-Nano-9b-v2-NIM-microservice,NVIDIA,Chat completion,,,,
NVIDIA-Nemotron-Parse-NIM-microservice,NVIDIA,DocumentAnalysis,,,,
Nemotron-3-8B-Base-4k,NVIDIA,Text generation,,,,
Nemotron-3-8B-Chat-4k-SteerLM,NVIDIA,Text generation,,,,
Nemotron-3-8B-Chat-RLHF,NVIDIA,Text generation,,,,
Nemotron-3-8B-Chat-SFT,NVIDIA,Text generation,,,,
Nemotron-3-8B-Chat-SteerLM,NVIDIA,Text generation,,,,
Nemotron-3-8B-QA-4k,NVIDIA,Text generation,,,,
OpenAI-CLIP-Image-Text-Embeddings-ViT-Large-Patch14-336,OpenAI,Embeddings,,,,
OpenAI-CLIP-Image-Text-Embeddings-vit-base-patch32,OpenAI,Embeddings,,,,
Openfold2-NIM-microservice,NVIDIA,Protein binder,,,,
Openfold3_1_2_0-NIM-microservice,NVIDIA,Biomolecular complex structure prediction,,,,
Phi-3-medium-4k-instruct,Microsoft,Chat completion,,,,
Phi-3-mini-128k-instruct,Microsoft,Chat completion,,,,
Phi-3-mini-4k-instruct,Microsoft,Chat completion,,,,
Phi-3-small-128k-instruct,Microsoft,Chat completion,,,,
Phi-3-small-8k-instruct,Microsoft,Chat completion,,,,
Phi-3-vision-128k-instruct,Microsoft,Chat completion,,,,
Phi-3.5-MoE-instruct,Microsoft,Chat completion,,,,
Phi-3.5-mini-instruct,Microsoft,Chat completion,,,,
Phi-4,Microsoft,Chat completion,,,,
Phi-4-Reasoning-Vision-15B,Microsoft,"Chat completion,Visual question answering,Image analysis,Image classification,Image to text",,,,
Phi-4-mini-flash-reasoning,Microsoft,Chat completion,,,,
Phi-4-mini-instruct,Microsoft,Chat completion,,,,
Phi-4-mini-reasoning,Microsoft,Chat completion,,,,
Phi-4-mini-reasoning-onnx,Microsoft,Chat completion,,,,
Phi-4-multimodal-instruct,Microsoft,Chat completion,,,,
Phi-4-reasoning,Microsoft,Chat completion,,,,
Phi-4-reasoning-plus,Microsoft,Chat completion,,,,
Phi-4-reasoning-plus-onnx,Microsoft,Chat completion,,,,
Prism,Microsoft,Zero shot image classification,,,,
Prompt-Guard-86M,Microsoft,Text classification,,,,
ProteinMPNN-NIM-microservice,NVIDIA,Protein binder,,,,
Prov-GigaPath,Microsoft,Image feature extraction,,,,
Qwen-Qwen2.5-1.5B-Instruct,Qwen (Alibaba),Chat completion,,,,
Qwen-Qwen2.5-14B-Instruct,Qwen (Alibaba),Chat completion,,,,
Qwen-Qwen2.5-7B-Instruct,Qwen (Alibaba),Chat completion,,,,
Qwen-Qwen2.5-Coder-0.5B-Instruct,Qwen (Alibaba),Chat completion,,,,
Qwen-Qwen2.5-Coder-1.5B-Instruct,Qwen (Alibaba),Chat completion,,,,
Qwen-Qwen2.5-Coder-14B-Instruct,Qwen (Alibaba),Chat completion,,,,
Qwen-Qwen2.5-Coder-7B-Instruct,Qwen (Alibaba),Chat completion,,,,
Qwen-Qwen3-0.6B,Qwen (Alibaba),Chat completion,,,,
Qwen-Qwen3-1.7B,Qwen (Alibaba),Chat completion,,,,
Qwen-Qwen3-32B,Qwen (Alibaba),Chat completion,,,,
Qwen-Qwen3-8B,Qwen (Alibaba),Chat completion,,,,
RA-FT-Optix-Food-Beverage,Microsoft,Chat completion,,,,
RetroChimera,Microsoft,Retrosynthesis prediction,,,,
Rfdiffusion-NIM-microservice,NVIDIA,Protein binder,,,,
RosettaFold3,NVIDIA,Protein structure prediction,,,,
Saifr-Image-Detection,Saifr,Image classification,,,,
Saifr-Language-Suggestion,Saifr,Text generation,,,,
Saifr-Retail-Marketing-Compliance,Saifr,Text classification,,,,
Saifr-Risk-Interpretation,Saifr,Text generation,,,,
Salesforce-BLIP-2-opt-2-7b-image-to-text,Salesforce,Image to text,,,,
Salesforce-BLIP-2-opt-2-7b-vqa,Salesforce,Visual question answering,,,,
Salesforce-BLIP-image-captioning-base,Salesforce,Image to text,,,,
Salesforce-BLIP-vqa-base,Salesforce,Visual question answering,,,,
Sight-Machine-Factory-Namespace-Manager,Sight Machine,Text generation,,,,
Skala,Skala,Atomistic modelling,,,,
Stable-Diffusion-3.5-Large,Stability AI,"Text to image,Image to image",,,,
Stable-Image-Core,Stability AI,Text to image,,,,
Stable-Image-Ultra,Stability AI,Text to image,,,,
TabPFN-2.5,Prior Labs,"Regression,Classification,Forecasting",,,,
TamGen,Microsoft,Protein design,,,,
TimeGEN-1,Nixtla,Forecasting,,,,
TimeGPT-1,Azure OpenAI,Time series forecasting,,,,
TimeGPT-1-long-horizon,Azure OpenAI,Time series forecasting,,,,
TimeGPT-2-mini,Azure OpenAI,Time series forecasting,,,,
TimeGPT-2.1,Azure OpenAI,Time series forecasting,,,,
Trellis-NIM-microservice,NVIDIA,"Image to 3D,Text to 3D,3D generation",,,,
Virchow,Microsoft,Image feature extraction,,,,
Virchow2,Microsoft,Image feature extraction,,,,
Virchow2G,Microsoft,Image feature extraction,,,,
Virchow2G-Mini,Microsoft,Image feature extraction,,,,
aaditya-llama3-openbiollm-70b,Meta,Text generation,,,,
abacusai-smaug-72b-v0.1,Abacus AI,Text generation,,,,
abhishekchohan-solar-10.7b-instruct-forest-dpo-v1,Upstage,Text generation,,,,
adamcodd-vit-base-nsfw-detector,Google,Image classification,,,,
agentica-org-deepcoder-14b-preview,Agentica,Text generation,,,,
ahmed792002-finetuning-t5-healthcare-chatbot,Google,Text generation,,,,
ai-forever-ru-en-rosberta,HuggingFace,Feature extraction,,,,
ai-mo-numinamath-7b-tir,AI.MO,Text generation,,,,
ai-sage-gigachat3-10b-a1.8b,Sber,Chat completion,,,,
ai21labs-ai21-jamba2-3b,AI21 Labs,Chat completion,,,,
ai21labs-ai21-jamba2-mini,AI21 Labs,Chat completion,,,,
aidc-ai-ovis-image-7b,HuggingFace,Text to image,,,,
airesearch-wangchanberta-base-att-spm-uncased,HuggingFace,Fill mask,,,,
aisingapore-llama3-8b-cpt-sea-lionv2-base,Meta,Text generation,,,,
aisingapore-llama3-8b-cpt-sea-lionv2.1-instruct,Meta,Text generation,,,,
akdeniz27-bert-base-turkish-cased-ner,HuggingFace,Token classification,,,,
akjindal53244-llama-3.1-storm-8b,Meta,Text generation,,,,
albert-albert-base-v1,HuggingFace,Fill mask,,,,
albert-albert-base-v2,HuggingFace,Fill mask,,,,
albert-albert-xxlarge-v2,HuggingFace,Fill mask,,,,
alchemab-antiberta2-cssp,HuggingFace,Feature extraction,,,,
alexm-nm-tinyllama-24-marlin24-4bit-g128,Meta,Text generation,,,,
alibaba-apsara-dasd-30b-a3b-thinking-preview,Qwen (Alibaba),Chat completion,,,,
alibaba-apsara-dasd-4b-thinking,Qwen (Alibaba),Chat completion,,,,
alibaba-nlp-gte-large-en-v1.5,Qwen (Alibaba),Embeddings,,,,
alibaba-nlp-gte-modernbert-base,HuggingFace,Embeddings,,,,
alibaba-nlp-gte-multilingual-base,Qwen (Alibaba),Embeddings,,,,
alibaba-nlp-tongyi-deepresearch-30b-a3b,01.AI,Chat completion,,,,
allenai-Olmo-3-7B-Instruct,Allen AI,Chat completion,,,,
allenai-Olmo-3.1-32B-Instruct,Allen AI,Chat completion,,,,
allenai-olmo-2-0325-32b-instruct,Allen AI,Chat completion,,,,
allenai-olmo-3-7b-instruct,Allen AI,Chat completion,,,,
allenai-olmo-3-7b-think,Allen AI,Chat completion,,,,
allenai-olmo-3.1-7b-rl-zero-code,Allen AI,Chat completion,,,,
allenai-olmocr-2-7b-1025,Allen AI,Chat completion,,,,
almanach-camembert-base-legacy,HuggingFace,Fill mask,,,,
almanach-camembert-bio-base,HuggingFace,Fill mask,,,,
alpindale-wizardlm-2-8x22b,Alpindale,Text generation,,,,
angelakeke-rate-ner-deberta,HuggingFace,Token classification,,,,
anonymous-pineapple-roberta-base,HuggingFace,Fill mask,,,,
answerdotai-modernbert-base,HuggingFace,Fill mask,,,,
answerdotai-modernbert-large,HuggingFace,Fill mask,,,,
arc-intelligence-atlas-8b-thinking,ARC Intelligence,Chat completion,,,,
arrexel-pattern-diffusion,Arrexel,Text to image,,,,
aryn-deformable-detr-doclaynet,Meta,Object detection,,,,
asafaya-bert-base-arabic,HuggingFace,Fill mask,,,,
atbender-qwen3.5-reap-212b-a17b-w4a16,Qwen (Alibaba),Chat completion,,,,
atlaai-selene-1-mini-llama-3-1-8b,Meta,Text generation,,,,
aubmindlab-aragpt2-base,HuggingFace,Text generation,,,,
aubmindlab-bert-base-arabert,HuggingFace,Fill mask,,,,
aubmindlab-bert-base-arabertv2,HuggingFace,Fill mask,,,,
audeering-wav2vec2-large-robust-12-ft-emotion-msp-dim,Meta,Audio classification,,,,
audiovisual-caption-asid-captioner-3b,HuggingFace,Chat completion,,,,
aurore-reveil-koto-small-7b-it,Aurore,Chat completion,,,,
avitotech-avibe,Avito,Chat completion,,,,
avsolatorio-gist-all-minilm-l6-v2,Avsolatorio,Sentence similarity,,,,
avsolatorio-gist-embedding-v0,Avsolatorio,Sentence similarity,,,,
avsolatorio-noinstruct-small-embedding-v0,Avsolatorio,Sentence similarity,,,,
ba2han-llama-phi-3-dora,Microsoft,Text generation,,,,
baai-bge-base-en,BAAI,Embeddings,,,,
baai-bge-en-icl,BAAI,Feature extraction,,,,
baai-bge-large-en,BAAI,Feature extraction,,,,
baai-bge-large-en-v1.5,BAAI,Embeddings,,,,
baai-bge-large-zh,BAAI,Feature extraction,,,,
baai-bge-m3,BAAI,Embeddings,,,,
baai-bge-multilingual-gemma2,BAAI,Feature extraction,,,,
baai-bge-reranker-base,BAAI,Text ranking,,,,
baai-bge-reranker-large,BAAI,Text ranking,,,,
baai-bge-reranker-v2-gemma,BAAI,Text classification,,,,
baai-bge-reranker-v2-m3,BAAI,Text ranking,,,,
baai-bge-small-en,BAAI,Feature extraction,,,,
baai-llm-embedder,BAAI,Feature extraction,,,,
babbage-002,Azure OpenAI,Completions,,,,
baichuan-inc-baichuan-m2-32b,Baichuan,Chat completion,,,,
baichuan-inc-baichuanmed-ocr-7b,Baichuan,Image text to text,,,,
baidu-ernie-4.5-0.3b-pt,Baidu,Chat completion,,,,
baidu-ernie-4.5-21b-a3b-pt,Baidu,Chat completion,,,,
bartowski-aquif-ai-aquif-3.5-max-1205-gguf,Bartowski,Chat completion,,,,
beomi-llama-3-koen-8b-instruct-preview,Meta,Text generation,,,,
bert-base-cased,HuggingFace,Fill mask,,,,
bert-base-chinese,HuggingFace,Fill mask,,,,
bert-base-uncased,HuggingFace,Fill mask,,,,
bert-large-cased,HuggingFace,Fill mask,,,,
bert-large-uncased,HuggingFace,Fill mask,,,,
bert-large-uncased-whole-word-masking-finetuned-squad,HuggingFace,Question answering,,,,
bespin-global-klue-sroberta-base-continue-learning-by-mnr,HuggingFace,Sentence similarity,,,,
bharatgenai-agriparam,BharatGen AI,Chat completion,,,,
bharatgenai-financeparam,BharatGen AI,Chat completion,,,,
bharatgenai-param-1-2.9b-instruct,BharatGen AI,Chat completion,,,,
bigcode-gpt-bigcode-santacoder,Azure OpenAI,Text generation,,,,
bigcode-starcoder2-3b,BigCode,Text generation,,,,
bigscience-bloom-1b7,BigScience,Text generation,,,,
bigscience-bloom-560m,BigScience,Text generation,,,,
bigscience-bloom-7b1-intermediate,BigScience,Text generation,,,,
bigscience-bloomz-7b1,BigScience,Text generation,,,,
bin12345-autocoder,HuggingFace,Text generation,,,,
bknyaz-qwen3-coder-next-ream,Qwen (Alibaba),Chat completion,,,,
black-forest-labs-flux.1-schnell,Black Forest Labs,Text to image,,,,
black-ink-guild-pernicious-prophecy-70b,Black Ink,Text generation,,,,
bosonai-higgs-audio-3-instruct,Boson AI,Chat completion,,,,
bosonai-higgs-audio-v3-stt,Boson AI,Automatic speech recognition,,,,
boun-tabilab-tabibert,HuggingFace,Fill mask,,,,
brainpowa-general-conversational-l-v1,Brainpowa,Chat completion,,,,
brainpowa-general-conversational-m-v1,Brainpowa,Chat completion,,,,
brainpowa-general-toolcalling-m-v1,Brainpowa,Chat completion,,,,
bramvanroy-geitje-7b-ultra,Bram Vanroy,Text generation,,,,
bsc-lt-alia-40b,BSC,Text generation,,,,
bsc-lt-alia-40b-instruct-2601,BSC,Chat completion,,,,
bsc-lt-salamandra-2b,BSC,Text generation,,,,
bsc-lt-salamandra-2b-base-fp8,BSC,Text generation,,,,
bsc-lt-salamandra-2b-base-gptq,BSC,Text generation,,,,
bsc-lt-salamandra-2b-instruct,BSC,Text generation,,,,
bsc-lt-salamandra-2b-instruct-fp8,BSC,Text generation,,,,
bsc-lt-salamandra-2b-instruct-gptq,BSC,Text generation,,,,
bsc-lt-salamandra-7b-base-fp8,BSC,Text generation,,,,
bsc-lt-salamandra-7b-base-gptq,BSC,Text generation,,,,
bsc-lt-salamandra-7b-instruct,BSC,Text generation,,,,
bsc-lt-salamandra-7b-instruct-fp8,BSC,Text generation,,,,
bsc-lt-salamandra-7b-instruct-gptq,BSC,Text generation,,,,
bsc-lt-salamandrata-2b,BSC,Text generation,,,,
bytedance-seed-seed-oss-36b-base,ByteDance,Chat completion,,,,
bytedance-seed-seed-oss-36b-instruct,ByteDance,Chat completion,,,,
bytedance-seed-seed-oss-36b-wosyn,ByteDance,Chat completion,,,,
bytedance-seed-ui-tars-1.5-7b,ByteDance,Chat completion,,,,
bytetrack_yolox_x_crowdhuman_mot17-private-half,HuggingFace,Multi-object tracking,,,,
camembert-base,HuggingFace,Fill mask,,,,
cardiffnlp-twitter-roberta-base-sentiment,HuggingFace,Text classification,,,,
cardiffnlp-twitter-roberta-base-sentiment-latest,HuggingFace,Text classification,,,,
casperhansen-llama-3-70b-instruct-awq,Meta,Text generation,,,,
casperhansen-llama-3-8b-instruct-awq,Meta,Text generation,,,,
cerebras-glm-4.7-flash-reap-23b-a3b,Zhipu AI,Chat completion,,,,
cerebras-glm-4.7-reap-218b-a32b,Zhipu AI,Chat completion,,,,
chaoticneutrals-captain-eris-diogenes-twilight-v0.420-12b,Chaotic Neutrals,Text generation,,,,
chaoticneutrals-captain-eris-noctis-12b-v0.420,Chaotic Neutrals,Text generation,,,,
chengyudu0123-her-32b,HuggingFace,Chat completion,,,,
claude-fable-5,Anthropic,Messages,,,,
claude-haiku-4-5,Anthropic,Messages,,,,
claude-mythos-5,Anthropic,Messages,,,,
claude-mythos-preview,Anthropic,Messages,,,,
claude-opus-4-1,Anthropic,Messages,,,,
claude-opus-4-5,Anthropic,Messages,,,,
claude-opus-4-6,Anthropic,Messages,,,,
claude-opus-4-7,Anthropic,Messages,,,,
claude-opus-4-8,Anthropic,Messages,,,,
claude-sonnet-4-5,Anthropic,Messages,,,,
claude-sonnet-4-6,Anthropic,Messages,,,,
cmarkea-distilcamembert-base,HuggingFace,Fill mask,,,,
codellama-codellama-13b-instruct-hf,Meta,Text generation,,,,
codellama-codellama-34b-instruct-hf,Meta,Text generation,,,,
codellama-codellama-7b-hf,Meta,Text generation,,,,
codellama-codellama-7b-instruct-hf,Meta,Text generation,,,,
codellama-codellama-7b-python-hf,Meta,Text generation,,,,
codex-mini,Azure OpenAI,Responses,,,,
cognitivecomputations-dolphin-2.9-llama3-8b,Meta,Text generation,,,,
cohere-command-a,Cohere,Chat completion,,,,
coherelabs-cohere-transcribe-03-2026,Cohere,Automatic speech recognition,,,,
coherelabs-command-a-plus-05-2026-bf16,Cohere,Chat completion,,,,
coherelabs-command-a-plus-05-2026-fp8,Cohere,Chat completion,,,,
coherelabs-command-a-plus-05-2026-w4a4,Cohere,Chat completion,,,,
computer-use-preview,Azure OpenAI,Responses,,,,
compvis-stable-diffusion-v1-4,Stability AI,Text to image,,,,
conjuncts-ditr-e15,HuggingFace,Object detection,,,,
contextboxai-halong-embedding,xAI,Sentence similarity,,,,
continuedev-instinct,HuggingFace,Chat completion,,,,
cross-encoder-nli-deberta-base,HuggingFace,Zero shot classification,,,,
csebuetnlp-mt5-multilingual-xlsum,Google,Summarization,,,,
cyankiwi-glm-4.7-flash-awq-4bit,Zhipu AI,Chat completion,,,,
cyankiwi-qwen3.5-122b-a10b-awq-4bit,Qwen (Alibaba),Chat completion,,,,
cyankiwi-qwen3.6-35b-a3b-awq-4bit,Qwen (Alibaba),Chat completion,,,,
cyfragovpl-llama-pllum-70b-chat-2412,Meta,Text generation,,,,
cyfragovpl-llama-pllum-8b-chat-2412,Meta,Text generation,,,,
cyfragovpl-pllum-12b-chat-2412,Cyfra Gov,Text generation,,,,
cyfragovpl-pllum-12b-nc-chat-2412,Cyfra Gov,Text generation,,,,
cyfragovpl-pllum-8x7b-nc-chat-2412,Cyfra Gov,Text generation,,,,
d4data-biomedical-ner-all,D4Data,Token classification,,,,
dangvantuan-sentence-camembert-base,HuggingFace,Sentence similarity,,,,
danielheinz-e5-base-sts-en-de,Intel,Feature extraction,,,,
databricks-dbrx-base,Databricks,Text generation,,,,
databricks-dbrx-instruct,Databricks,Chat completion,,,,
databricks-dolly-v2-12b,Databricks,Text generation,,,,
datalab-to-chandra,DataLab,Chat completion,,,,
datalab-to-chandra-ocr-2,DataLab,Chat completion,,,,
datarusai-datarus-r1-14b-preview,DataRus,Chat completion,,,,
davebulaval-meaningbert,HuggingFace,Text classification,,,,
davidau-llama3.3-8b-instruct-thinking-claude-4.5-opus-high-reasoning,Anthropic,Chat completion,,,,
davidau-qwen3.5-40b-claude-4.5-opus-high-reasoning-thinking,Anthropic,Chat completion,,,,
davidkim205-rhea-72b-v0.5,HuggingFace,Text generation,,,,
davinci-002,Azure OpenAI,Completions,,,,
davlan-distilbert-base-multilingual-cased-ner-hrl,HuggingFace,Token classification,,,,
dbmdz-bert-base-cased-finetuned-conll03-english,HuggingFace,Token classification,,,,
dbmdz-bert-base-german-uncased,HuggingFace,Fill mask,,,,
dbmdz-bert-base-italian-xxl-cased,HuggingFace,Fill mask,,,,
dbmdz-bert-large-cased-finetuned-conll03-english,HuggingFace,Token classification,,,,
deci-decidiffusion-v1-0,Deci AI,Text to image,,,,
deepcogito-cogito-v1-preview-llama-3b,Meta,Text generation,,,,
deepcogito-cogito-v1-preview-llama-70b,Meta,Text generation,,,,
deepcogito-cogito-v1-preview-llama-8b,Meta,Text generation,,,,
deepcogito-cogito-v1-preview-qwen-14b,Qwen (Alibaba),Text generation,,,,
deepcogito-cogito-v1-preview-qwen-32b,Qwen (Alibaba),Text generation,,,,
deepmount00-llama-3-8b-ita,Meta,Text generation,,,,
deepseek-ai-DeepSeek-R1-Distill-Qwen-1.5B,DeepSeek,Chat completion,,,,
deepseek-ai-DeepSeek-R1-Distill-Qwen-14B,DeepSeek,Chat completion,,,,
deepseek-ai-DeepSeek-R1-Distill-Qwen-7B,DeepSeek,Chat completion,,,,
deepseek-ai-DeepSeek-V3-0324,DeepSeek,Chat completion,,,,
deepseek-ai-DeepSeek-V3.1,DeepSeek,Chat completion,,,,
deepseek-ai-DeepSeek-V3.2,DeepSeek,Chat completion,,,,
deepseek-ai-DeepSeek-V3.2-Speciale,DeepSeek,Chat completion,,,,
deepset-bert-base-cased-squad2,HuggingFace,Question answering,,,,
deepset-bert-large-uncased-whole-word-masking-squad2,HuggingFace,Question answering,,,,
deepset-minilm-uncased-squad2,deepset,Question answering,,,,
deepset-roberta-base-squad2,HuggingFace,Question answering,,,,
deepset-roberta-large-squad2,HuggingFace,Question answering,,,,
deepset-tinyroberta-squad2,HuggingFace,Question answering,,,,
deepvk-user-bge-m3,BAAI,Sentence similarity,,,,
defog-sqlcoder-7b-2,HuggingFace,Text generation,,,,
descript-dac-44khz,HuggingFace,Feature extraction,,,,
dicta-il-dictabert,HuggingFace,Fill mask,,,,
dicta-il-dictalm2.0,Dicta,Text generation,,,,
distil-labs-distil-home-assistant-functiongemma,Google,Chat completion,,,,
distilbert-base-cased,HuggingFace,Fill mask,,,,
distilbert-base-cased-distilled-squad,HuggingFace,Question answering,,,,
distilbert-base-uncased,HuggingFace,Fill mask,,,,
distilbert-base-uncased-distilled-squad,HuggingFace,Question answering,,,,
distilbert-base-uncased-finetuned-sst-2-english,HuggingFace,Text classification,,,,
distilbert-distilbert-base-cased,HuggingFace,Fill mask,,,,
distilbert-distilbert-base-german-cased,HuggingFace,Fill mask,,,,
distilbert-distilbert-base-multilingual-cased,HuggingFace,Fill mask,,,,
distilbert-distilbert-base-uncased,HuggingFace,Fill mask,,,,
distilbert-distilbert-base-uncased-distilled-squad,HuggingFace,Question answering,,,,
distilbert-distilbert-base-uncased-finetuned-sst-2-english,HuggingFace,Text classification,,,,
distilbert-distilgpt2,HuggingFace,Text generation,,,,
distilbert-distilroberta-base,HuggingFace,Fill mask,,,,
distilgpt2,HuggingFace,Text generation,,,,
distilroberta-base,HuggingFace,Fill mask,,,,
dity-bi-encoder-russian-msmarco,HuggingFace,Sentence similarity,,,,
dongjin-kr-ko-reranker,HuggingFace,Text classification,,,,
dphn-dolphin-mistral-24b-venice-edition,Mistral AI,Chat completion,,,,
ds-archive-l3.3-70b-magnum-v4-se-cirrus-x1-modelstock,DS Archive,Text generation,,,,
ds-archive-lzlv-limarpv3-l2-70b,DS Archive,Text generation,,,,
dslim-bert-base-ner,HuggingFace,Token classification,,,,
dslim-bert-base-ner-uncased,HuggingFace,Token classification,,,,
dslim-bert-large-ner,HuggingFace,Token classification,,,,
earth2studio-fcn3,NVIDIA,Weather forecasting,,,,
earth2studio-fcn3-stormscope,NVIDIA,Weather forecasting,,,,
efficient-large-model-gemma-2-2b-it,Google,Text generation,,,,
eleutherai-gpt-neox-20b,Azure OpenAI,Text generation,,,,
eleutherai-pythia-14m-deduped,EleutherAI,Text generation,,,,
eleutherai-pythia-160m,EleutherAI,Text generation,,,,
eleutherai-pythia-160m-deduped,EleutherAI,Text generation,,,,
eleutherai-pythia-1b,EleutherAI,Text generation,,,,
eleutherai-pythia-1b-deduped,EleutherAI,Text generation,,,,
eleutherai-pythia-31m-deduped,EleutherAI,Text generation,,,,
eleutherai-pythia-410m-deduped,EleutherAI,Text generation,,,,
eleutherai-pythia-70m-deduped,EleutherAI,Text generation,,,,
elyza-llama-3-elyza-jp-8b,Meta,Text generation,,,,
embed-v-4-0,Cohere,"Embeddings,Summarization",,,,
eo-os-object-detection,HuggingFace,Image analysis,,,,
equall-saul-7b-instruct-v1,Equall,Text generation,,,,
essentialai-rnj-1-instruct,Essential AI,Chat completion,,,,
exscientia-igt5-unpaired,Google,Text generation,,,,
facebook-bart-base,Meta,Embeddings,,,,
facebook-bart-large-cnn,Meta,Text summarization,,,,
facebook-bart-large-mnli,Meta,Zero shot classification,,,,
facebook-blenderbot-400m-distill,Meta,Conversational,,,,
facebook-deit-base-patch16-224,Meta,Image classification,,,,
facebook-detr-resnet-101,Meta,Object detection,,,,
facebook-detr-resnet-101-dc5,Meta,Object detection,,,,
facebook-detr-resnet-50,Meta,Object detection,,,,
facebook-dinov2-base-imagenet1k-1-layer,Meta,Image classification,,,,
facebook-dinov2-small-imagenet1k-1-layer,Meta,Image classification,,,,
facebook-encodec-24khz,Meta,Feature extraction,,,,
facebook-encodec-32khz,Meta,Feature extraction,,,,
facebook-esm2-t6-8m-ur50d,Meta,Fill mask,,,,
facebook-mask2former-swin-base-coco-panoptic,Meta,Image segmentation,,,,
facebook-mask2former-swin-large-ade-semantic,Meta,Image segmentation,,,,
facebook-mask2former-swin-large-cityscapes-panoptic,Meta,Image segmentation,,,,
facebook-mask2former-swin-large-mapillary-vistas-semantic,Meta,Image segmentation,,,,
facebook-mask2former-swin-tiny-cityscapes-semantic,Meta,Image segmentation,,,,
facebook-mask2former-swin-tiny-coco-instance,Meta,Image segmentation,,,,
facebook-mbart-large-50-many-to-many-mmt,Meta,Translation,,,,
facebook-mms-1b-all,Meta,Automatic speech recognition,,,,
facebook-nllb-200-distilled-600m,Meta,Translation,,,,
facebook-s2t-small-librispeech-asr,Meta,Automatic speech recognition,,,,
facebook-sam-vit-base,Meta,Image segmentation,,,,
facebook-sam-vit-huge,Meta,Image segmentation,,,,
facebook-sam-vit-large,Meta,Image segmentation,,,,
facebook-sam3,Meta,Mask generation,,,,
facebook-wav2vec2-base-960h,Meta,Automatic speech recognition,,,,
facebook-wmt19-de-en,Meta,Translation,,,,
facebook-xlm-roberta-xl,HuggingFace,Fill mask,,,,
facebookai-roberta-base,HuggingFace,Fill mask,,,,
facebookai-roberta-large,HuggingFace,Fill mask,,,,
facebookai-roberta-large-mnli,HuggingFace,Text classification,,,,
facebookai-xlm-roberta-base,HuggingFace,Fill mask,,,,
facebookai-xlm-roberta-large,HuggingFace,Fill mask,,,,
facebookai-xlm-roberta-large-finetuned-conll03-english,HuggingFace,Token classification,,,,
falconsai-nsfw-image-detection,TII,Image classification,,,,
ff670-openbuddy-llemma-34b-v13.2,Microsoft,Text generation,,,,
final-bench-darwin-27b-opus,Final Bench,Chat completion,,,,
final-bench-darwin-9b-opus,Final Bench,Chat completion,,,,
financial-reports-analysis,Microsoft,Chat completion,,,,
financial-reports-analysis-v2,Microsoft,Chat completion,,,,
finiteautomata-bertweet-base-sentiment-analysis,HuggingFace,Text classification,,,,
finlang-finance-embeddings-investopedia,HuggingFace,Sentence similarity,,,,
flax-community-dansk-gpt-wiki,Azure OpenAI,Text generation,,,,
foreverlasting1202-questa-nemotron-1.5b,NVIDIA,Chat completion,,,,
fortytwo-network-strand-rust-coder-14b-v1,FortyTwo,Chat completion,,,,
fractalairesearch-fathom-r1-14b,Fractal AI,Text generation,,,,
fractalairesearch-fathom-search-4b,Fractal AI,Chat completion,,,,
freedomintelligence-acegpt-v1.5-13b,Azure OpenAI,Text generation,,,,
ftw-prue-efnet-b7-ccby,FTW,Image classification,,,,
futurema-eva-4b-v2,Microsoft,Chat completion,,,,
futurema-qwen3-4b-evasion,Qwen (Alibaba),Chat completion,,,,
fxmarty-tiny-dummy-qwen2,Qwen (Alibaba),Text generation,,,,
gadflyii-glm-4.7-flash-nvfp4,Zhipu AI,Chat completion,,,,
gair-reasoneval-7b,GAIR,Text classification,,,,
gaunernst-bert-l6-h768-uncased,HuggingFace,Fill mask,,,,
gemstone-models-gemstone-1024x28,Gemstone,Text generation,,,,
gemstone-models-gemstone-1280x15,Gemstone,Text generation,,,,
gemstone-models-gemstone-1280x36,Gemstone,Text generation,,,,
gemstone-models-gemstone-1536x50,Gemstone,Text generation,,,,
gemstone-models-gemstone-1792x18,Gemstone,Text generation,,,,
gemstone-models-gemstone-1792x7,Gemstone,Text generation,,,,
gemstone-models-gemstone-256x71,Gemstone,Text generation,,,,
gemstone-models-gemstone-3072x12,Gemstone,Text generation,,,,
gemstone-models-gemstone-384x13,Gemstone,Text generation,,,,
gemstone-models-gemstone-384x36,Gemstone,Text generation,,,,
gemstone-models-gemstone-512x11,Gemstone,Text generation,,,,
gemstone-models-gemstone-512x12,Gemstone,Text generation,,,,
gemstone-models-gemstone-512x13,Gemstone,Text generation,,,,
gemstone-models-gemstone-512x16,Gemstone,Text generation,,,,
gemstone-models-gemstone-768x3,Gemstone,Text generation,,,,
gemstone-models-gemstone-768x45,Gemstone,Text generation,,,,
genezc-minichat-1.5-3b,HuggingFace,Text generation,,,,
ghost-x-ghost-8b-beta-1608,Ghost-X,Text generation,,,,
gilf-french-camembert-postag-model,HuggingFace,Token classification,,,,
goedel-lm-goedel-prover-v2-32b,HuggingFace,Chat completion,,,,
gokaygokay-flux-prompt-enhance,Black Forest Labs,Text to text generation,,,,
google-bert-bert-base-cased-finetuned-mrpc,Google,Fill mask,,,,
google-bert-bert-base-chinese,Google,Fill mask,,,,
google-bert-bert-base-german-cased,Google,Fill mask,,,,
google-bert-bert-base-multilingual-cased,Google,Fill mask,,,,
google-bert-bert-base-uncased,Google,Fill mask,,,,
google-bert-bert-large-cased,Google,Fill mask,,,,
google-bert-bert-large-cased-whole-word-masking-finetuned-squad,Google,Question answering,,,,
google-bert-bert-large-uncased,Google,Fill mask,,,,
google-bert-bert-large-uncased-whole-word-masking,Google,Fill mask,,,,
google-bert-bert-large-uncased-whole-word-masking-finetuned-squad,Google,Question answering,,,,
google-canine-s,Google,Feature extraction,,,,
google-flan-t5-base,Google,Text generation,,,,
google-flan-t5-large,Google,Text generation,,,,
google-flan-t5-small,Google,Text generation,,,,
google-flan-t5-xl,Google,Text generation,,,,
google-flan-t5-xxl,Google,Text generation,,,,
google-gemma-4-26b-a4b-it,Google,Chat completion,,,,
google-gemma-4-31b-it,Google,Chat completion,,,,
google-gemma-4-e2b-it,Google,Chat completion,,,,
google-gemma-4-e4b-it,Google,Chat completion,,,,
google-t5-t5-base,Google,Translation,,,,
google-t5-t5-large,Google,Translation,,,,
google-t5-t5-small,Google,Translation,,,,
google-tapas-base-finetuned-wtq,Google,Table question answering,,,,
google-tapas-large-finetuned-wtq,Google,Table question answering,,,,
google-tapas-small-finetuned-wtq,Google,Table question answering,,,,
google-vit-base-patch16-224,Google,Image classification,,,,
google-vit-base-patch32-384,Google,Image classification,,,,
google-vit-hybrid-base-bit-384,Google,Image classification,,,,
gottbert-gottbert-base-last,HuggingFace,Fill mask,,,,
gpt-35-turbo,Azure OpenAI,Chat completions,,,,
gpt-35-turbo-16k,Azure OpenAI,Chat completions,,,,
gpt-35-turbo-instruct,Azure OpenAI,Chat completions,,,,
gpt-4.1,Azure OpenAI,"Chat completion,Responses",,,,
gpt-4.1-mini,Azure OpenAI,"Chat completion,Responses",,,,
gpt-4.1-nano,Azure OpenAI,"Chat completion,Responses",,,,
gpt-4o,Azure OpenAI,"Chat completion,Responses",,,,
gpt-4o-mini,Azure OpenAI,"Chat completion,Responses",,,,
gpt-4o-mini-transcribe,Azure OpenAI,Speech to text,,,,
gpt-4o-mini-tts,Azure OpenAI,Text to speech,,,,
gpt-4o-transcribe,Azure OpenAI,Speech to text,,,,
gpt-4o-transcribe-diarize,Azure OpenAI,Speech to text,,,,
gpt-5,Azure OpenAI,"Chat completion,Responses",,,,
gpt-5-chat,Azure OpenAI,"Chat completion,Responses",,,,
gpt-5-codex,Azure OpenAI,"Chat completion,Responses",,,,
gpt-5-mini,Azure OpenAI,"Chat completion,Responses",,,,
gpt-5-nano,Azure OpenAI,"Chat completion,Responses",,,,
gpt-5-pro,Azure OpenAI,"Chat completion,Responses",,,,
gpt-5.1,Azure OpenAI,"Chat completion,Responses",,,,
gpt-5.1-chat,Azure OpenAI,"Chat completion,Responses",,,,
gpt-5.1-codex,Azure OpenAI,Responses,,,,
gpt-5.1-codex-max,Azure OpenAI,Responses,,,,
gpt-5.1-codex-mini,Azure OpenAI,Responses,,,,
gpt-5.2,Azure OpenAI,"Chat completion,Responses",,,,
gpt-5.2-chat,Azure OpenAI,"Chat completion,Responses",,,,
gpt-5.2-codex,Azure OpenAI,Responses,,,,
gpt-5.3-chat,Azure OpenAI,"Chat completion,Responses",,,,
gpt-5.3-codex,Azure OpenAI,Responses,,,,
gpt-5.4,Azure OpenAI,"Chat completion,Responses",,,,
gpt-5.4-mini,Azure OpenAI,"Chat completion,Responses",,,,
gpt-5.4-nano,Azure OpenAI,"Chat completion,Responses",,,,
gpt-5.4-pro,Azure OpenAI,Responses,,,,
gpt-5.5,Azure OpenAI,"Chat completion,Responses",,,,
gpt-audio,Azure OpenAI,Audio generation,,,,
gpt-audio-1.5,Azure OpenAI,Audio generation,,,,
gpt-audio-mini,Azure OpenAI,Audio generation,,,,
gpt-chat-latest,Azure OpenAI,"Chat completion,Responses",,,,
gpt-image-1-mini,Azure OpenAI,Text to image,,,,
gpt-image-1.5,Azure OpenAI,"Text to image,Image to image",,,,
gpt-image-2,Azure OpenAI,"Text to image,Image to image",,,,
gpt-oss-120B,Azure OpenAI,Chat completion,,,,
gpt-oss-120b,Azure OpenAI,Chat completion,,,,
gpt-oss-20b,Azure OpenAI,Chat completion,,,,
gpt-oss-safeguard-120b,Azure OpenAI,Chat completion,,,,
gpt-oss-safeguard-20b,Azure OpenAI,Chat completion,,,,
gpt-realtime,Azure OpenAI,Audio generation,,,,
gpt-realtime-1.5,Azure OpenAI,Audio generation,,,,
gpt-realtime-2,Azure OpenAI,Audio generation,,,,
gpt-realtime-mini,Azure OpenAI,Audio generation,,,,
gpt-realtime-translate,Azure OpenAI,Speech translation,,,,
gpt-realtime-whisper,Azure OpenAI,Automatic speech recognition,,,,
gpt2,HuggingFace,Text generation,,,,
gpt2-large,HuggingFace,Text generation,,,,
gpt2-medium,HuggingFace,Text generation,,,,
grabbe-gymnasium-detmold-grabbe-ai,HuggingFace,Text generation,,,,
gradientai-llama-3-8b-instruct-262k,Meta,Text generation,,,,
gradientai-llama-3-8b-instruct-gradient-1048k,Meta,Text generation,,,,
gretel,Gretel,Chat completion,,,,
grok-3,xAI,Chat completion,,,,
grok-3-mini,xAI,Chat completion,,,,
grok-4,xAI,Chat completion,,,,
grok-4-1-fast-non-reasoning,xAI,Chat completion,,,,
grok-4-1-fast-reasoning,xAI,Chat completion,,,,
grok-4-20-non-reasoning,xAI,Chat completion,,,,
grok-4-20-reasoning,xAI,Chat completion,,,,
grok-4.3,xAI,Chat completion,,,,
grok-code-fast-1,xAI,Chat completion,,,,
gronlp-bert-base-dutch-cased,HuggingFace,Fill mask,,,,
groq-llama-3-groq-70b-tool-use,Meta,Text generation,,,,
groq-llama-3-groq-8b-tool-use,Meta,Text generation,,,,
h2oai-h2o-danube3-4b-chat,H2O.ai,Text generation,,,,
hcompany-holo1.5-7b,Azure OpenAI,Chat completion,,,,
hcompany-holo2-4b,H Company,Chat completion,,,,
hcompany-holo2-8b,H Company,Chat completion,,,,
helsinki-nlp-opus-mt-de-en,Helsinki-NLP,Translation,,,,
helsinki-nlp-opus-mt-en-de,Helsinki-NLP,Translation,,,,
helsinki-nlp-opus-mt-en-es,Helsinki-NLP,Translation,,,,
helsinki-nlp-opus-mt-en-zh,Helsinki-NLP,Translation,,,,
helsinki-nlp-opus-mt-tc-big-en-fr,Helsinki-NLP,Translation,,,,
helsinki-nlp-opus-mt-tc-big-en-pt,Helsinki-NLP,Translation,,,,
helsinki-nlp-opus-mt-tc-big-fr-en,Helsinki-NLP,Translation,,,,
helsinki-nlp-opus-mt-tc-big-sh-en,Helsinki-NLP,Translation,,,,
helsinki-nlp-opus-mt-tc-big-tr-en,Helsinki-NLP,Translation,,,,
helsinki-nlp-opus-mt-zh-en,Helsinki-NLP,Translation,,,,
hfl-chinese-llama-2-7b,Meta,Text generation,,,,
hibou-b,Hibou,Embeddings,,,,
hibou-l,Hibou,Embeddings,,,,
hitz-latxa-llama-3.1-70b-instruct,Meta,Text generation,,,,
holy-fox-qwen3.5-0.8b-jp,Qwen (Alibaba),Chat completion,,,,
huggingfaceh4-zephyr-7b-beta,HuggingFace,Text generation,,,,
huggingfacem4-idefics2-8b,HuggingFace,Image text to text,,,,
huggingfacetb-smollm-1.7b,HuggingFace,Text generation,,,,
huggingfacetb-smollm-135m,HuggingFace,Text generation,,,,
huggingfacetb-smollm-135m-instruct,HuggingFace,Text generation,,,,
huggingfacetb-smollm-360m,HuggingFace,Text generation,,,,
huggingfacetb-smollm2-135m,HuggingFace,Text generation,,,,
huggingfacetb-smollm2-360m,HuggingFace,Text generation,,,,
huggingfacetb-smollm3-3b,HuggingFace,Chat completion,,,,
huggyllama-llama-7b,Meta,Text generation,,,,
hustvl-yolos-small,HuggingFace,Object detection,,,,
hustvl-yolos-tiny,HuggingFace,Object detection,,,,
ibm-granite-granite-3.3-8b-instruct,IBM,Chat completion,,,,
ibm-granite-granite-3.3-8b-instruct-fp8,IBM,Chat completion,,,,
ibm-granite-granite-4.0-1b,IBM,Chat completion,,,,
ibm-granite-granite-4.0-1b-speech,IBM,Automatic speech recognition,,,,
ibm-granite-granite-4.0-350m,IBM,Chat completion,,,,
ibm-granite-granite-4.0-h-350m,IBM,Chat completion,,,,
ibm-granite-granite-4.0-h-micro,IBM,Chat completion,,,,
ibm-granite-granite-4.0-h-small,IBM,Chat completion,,,,
ibm-granite-granite-4.0-h-small-fp8,IBM,Chat completion,,,,
ibm-granite-granite-4.0-h-tiny,IBM,Chat completion,,,,
ibm-granite-granite-4.0-micro,IBM,Chat completion,,,,
ibm-granite-granite-4.0-tiny-preview,IBM,Chat completion,,,,
ibm-granite-granite-4.1-2b-speech-gguf,IBM,Transcriptions,,,,
ibm-granite-granite-4.1-30b,IBM,Chat completion,,,,
ibm-granite-granite-4.1-30b-base,IBM,Chat completion,,,,
ibm-granite-granite-4.1-30b-fp8,IBM,Chat completion,,,,
ibm-granite-granite-4.1-3b,IBM,Chat completion,,,,
ibm-granite-granite-4.1-3b-base,IBM,Chat completion,,,,
ibm-granite-granite-4.1-3b-fp8,IBM,Chat completion,,,,
ibm-granite-granite-4.1-3b-gguf,IBM,Chat completion,,,,
ibm-granite-granite-4.1-8b,IBM,Chat completion,,,,
ibm-granite-granite-4.1-8b-base,IBM,Chat completion,,,,
ibm-granite-granite-4.1-8b-gguf,IBM,Chat completion,,,,
ibm-granite-granite-docling-258m,IBM,Chat completion,,,,
ibm-granite-granite-embedding-125m-english,IBM,Embeddings,,,,
ibm-granite-granite-embedding-english-r2,IBM,Embeddings,,,,
ibm-granite-granite-embedding-reranker-english-r2,IBM,Rerank,,,,
ibm-granite-granite-embedding-small-english-r2,IBM,Embeddings,,,,
ibm-granite-granite-guardian-4.0-3b-toxicity-ja,IBM,Chat completion,,,,
ibm-granite-granite-guardian-4.1-8b-gguf,IBM,Chat completion,,,,
ibm-granite-granite-speech-4.1-2b,IBM,Automatic speech recognition,,,,
ibm-granite-granite-vision-3.2-2b,IBM,Chat completion,,,,
ibm-granite-granite-vision-4.1-4b,IBM,Chat completion,,,,
inclusionai-qwen3-32b-aworld,Qwen (Alibaba),Chat completion,,,,
inclusionai-rubicon-preview,Inclusion AI,Chat completion,,,,
inclusionai-twinflow,Inclusion AI,Text to image,,,,
inclusionai-ui-venus-1.5-2b,Inclusion AI,Chat completion,,,,
inclusionai-ui-venus-1.5-8b,Inclusion AI,Chat completion,,,,
inclusionai-zwz-4b,Inclusion AI,Chat completion,,,,
inclusionai-zwz-8b,Inclusion AI,Chat completion,,,,
infermatic-magnum-v4-72b-fp8-dynamic,Infermatic,Text generation,,,,
infly-opencoder-8b-instruct,Infly,Text generation,,,,
intel-neural-chat-7b-v3-1,Intel,Text generation,,,,
intelligent-internet-ii-search-4b,Intelligent Internet,Chat completion,,,,
intelligent-internet-ii-search-cir-4b,Intelligent Internet,Chat completion,,,,
internlm-januscoder-14b,InternLM,Chat completion,,,,
internlm-januscoder-8b,InternLM,Chat completion,,,,
internlm-januscoderv-8b,InternLM,Chat completion,,,,
intfloat-e5-base,Intel,Sentence similarity,,,,
intfloat-e5-large,Intel,Sentence similarity,,,,
intfloat-e5-mistral-7b-instruct,Mistral AI,Feature extraction,,,,
intfloat-e5-small,Intel,Sentence similarity,,,,
intfloat-multilingual-e5-large,Intel,Embeddings,,,,
inworld-tts-1-5-max,Inworld AI,Text to speech,,,,
inworld-tts-1-5-mini,Inworld AI,Text to speech,,,,
is36e-detr-resnet-101-dc5-sku110k,Meta,Object detection,,,,
itsjayqz-gta5-artwork-diffusion,HuggingFace,Text to image,,,,
j-hartmann-emotion-english-distilroberta-base,HuggingFace,Text classification,,,,
jacktol-whisper-large-v3-finetuned-for-atc,Azure OpenAI,Automatic speech recognition,,,,
jamandteastudios-deepseek-r1-distill-qwen-32b-fp8-dynamic,DeepSeek,Text generation,,,,
janhq-jan-code-4b,Jan,Chat completion,,,,
janhq-jan-v1-4b,Jan,Chat completion,,,,
janhq-jan-v1-edge,Jan,Chat completion,,,,
janhq-jan-v2-vl-high,Jan,Chat completion,,,,
janhq-jan-v2-vl-low,Jan,Chat completion,,,,
janhq-jan-v2-vl-med,Jan,Chat completion,,,,
jbochi-madlad400-3b-mt,HuggingFace,Translation,,,,
jean-baptiste-camembert-ner,HuggingFace,Token classification,,,,
jean-baptiste-roberta-large-ner-english,HuggingFace,Token classification,,,,
jinaai-jina-code-embeddings-0.5b,Jina AI,Feature extraction,,,,
jinaai-jina-code-embeddings-1.5b,Jina AI,Feature extraction,,,,
jinaai-jina-embeddings-v2-small-en,Jina AI,Embeddings,,,,
jinaai-jina-reranker-v1-turbo-en,Jina AI,Embeddings,,,,
jinaai-readerlm-v2,Jina AI,Text generation,,,,
jinmang2-kpfbert,HuggingFace,Feature extraction,,,,
joeddav-xlm-roberta-large-xnli,HuggingFace,Zero shot classification,,,,
jonatasgrosman-wav2vec2-large-xlsr-53-english,Meta,Automatic speech recognition,,,,
jonathandinu-face-parsing,HuggingFace,Image segmentation,,,,
kblab-kb-whisper-large,Azure OpenAI,Automatic speech recognition,,,,
kblab-sentence-bert-swedish-cased,HuggingFace,Sentence similarity,,,,
kblab-wav2vec2-large-voxrex-swedish,Meta,Automatic speech recognition,,,,
kblueleaf-dantaggen-delta-rev2,HuggingFace,Text generation,,,,
kblueleaf-tipo-200m-ft2,HuggingFace,Text generation,,,,
kelly-mlflow-example,HuggingFace,,,,,
kelly-mlflow-example-05-07-25,HuggingFace,,,,,
kelly-mlflow-model,HuggingFace,,,,,
kentucky-open-science-melt-llama-2-7b-chat-v0.1,Meta,Text generation,,,,
klue-roberta-base,HuggingFace,Fill mask,,,,
koalaai-text-moderation,HuggingFace,Text classification,,,,
ku-nlp-deberta-v2-large-japanese-char-wwm,HuggingFace,Fill mask,,,,
kurakurai-luth-lfm2-1.2b,Liquid AI,Chat completion,,,,
kurakurai-luth-lfm2-350m,Liquid AI,Chat completion,,,,
kurakurai-luth-lfm2-700m,Liquid AI,Chat completion,,,,
latitudegames-wayfarer-12b,Latitude Games,Text generation,,,,
latitudegames-wayfarer-2-12b,Latitude Games,Chat completion,,,,
lemiao-decapoda-research-llama-7b-hf,Meta,Text generation,,,,
lemon07r-gemma-2-ataraxy-9b,Google,Text generation,,,,
lenguajenaturalai-leniachat-qwen2-1.5b-v0,Qwen (Alibaba),Text generation,,,,
leolm-leo-hessianai-70b-chat,Hessian AI,Text generation,,,,
lightonai-lightonocr-2-1b,Lighton,Chat completion,,,,
lilarest-gemma-4-31b-it-nvfp4-turbo,Google,Chat completion,,,,
liquidai-lfm2-1.2b-extract,Liquid AI,Chat completion,,,,
liquidai-lfm2-1.2b-tool,Liquid AI,Chat completion,,,,
liquidai-lfm2-2.6b,Liquid AI,Chat completion,,,,
liquidai-lfm2-2.6b-exp,Liquid AI,Chat completion,,,,
liquidai-lfm2-2.6b-transcript,Liquid AI,Chat completion,,,,
liquidai-lfm2-24b-a2b,Liquid AI,Chat completion,,,,
liquidai-lfm2-350m,Liquid AI,Chat completion,,,,
liquidai-lfm2-350m-extract,Liquid AI,Chat completion,,,,
liquidai-lfm2-350m-math,Liquid AI,Chat completion,,,,
liquidai-lfm2-350m-pii-extract-jp,Liquid AI,Chat completion,,,,
liquidai-lfm2-8b-a1b,Liquid AI,Chat completion,,,,
liquidai-lfm2.5-1.2b-instruct,Liquid AI,Chat completion,,,,
liquidai-lfm2.5-1.2b-thinking,Liquid AI,Chat completion,,,,
liquidai-lfm2.5-350m,Liquid AI,Chat completion,,,,
liquidai-lfm2.5-vl-1.6b,Liquid AI,Chat completion,,,,
livekit-turn-detector,LiveKit,Text generation,,,,
lizhuang144-flan-t5-base-vg-factual-sg,Google,Text generation,,,,
llava-hf-llama3-llava-next-8b-hf,Meta,Image text to text,,,,
llm360-k2-think,LLM360,Chat completion,,,,
llmrails-ember-v1,HuggingFace,Feature extraction,,,,
lm-provers-qed-nano,HuggingFace,Chat completion,,,,
localai-io-localai-functioncall-phi-4-v0.3,Microsoft,Text generation,,,,
localai-io-localai-llama3-8b-function-call-v0.2,Meta,Text generation,,,,
locoremind-locooperator-4b,LocoreMind,Chat completion,,,,
locoremind-locotrainer-4b,LocoreMind,Chat completion,,,,
lodestones-chroma1-base,Lodestone,Text to image,,,,
lodestones-chroma1-flash,Lodestone,Text to image,,,,
lodestones-chroma1-hd,Lodestone,Text to image,,,,
lordx64-qwen3.6-35b-a3b-claude-4.7-opus-reasoning-distilled,Anthropic,Chat completion,,,,
luhua-chinese-pretrain-mrc-roberta-wwm-ext-large,HuggingFace,Question answering,,,,
m42-health-llama3-med42-70b,Meta,Text generation,,,,
m42-health-llama3-med42-8b,Meta,Text generation,,,,
machinelearninglm-machinelearninglm-7b-v1,Zhipu AI,Chat completion,,,,
maddoggproduction-whisper-l-v3-turbo-quran-lora-dataset-mix,Azure OpenAI,Automatic speech recognition,,,,
mahmoudashraf-mms-300m-1130-forced-aligner,HuggingFace,Automatic speech recognition,,,,
makers-lab-indus-1.1b-it,Makers Lab,Text generation,,,,
malteos-scincl,HuggingFace,Feature extraction,,,,
manandey-wav2vec2-large-xlsr-punjabi,Meta,Automatic speech recognition,,,,
marksverdhei-glm-4.7-flash-fp8,Zhipu AI,Chat completion,,,,
mars-map-autoregressive,HuggingFace,Image analysis,,,,
maxcurrent-peagle-9b,HuggingFace,Text generation,,,,
maziyarpanahi-llama-3-70b-instruct-dpo-v0.2,Meta,Text generation,,,,
mbzuai-medmo-4b,HuggingFace,Chat completion,,,,
mehmet582025-arap-qa-bert,HuggingFace,Question answering,,,,
mehmet582025-arap-qa-bert-large-v2,HuggingFace,Question answering,,,,
menlo-lucy,HuggingFace,Chat completion,,,,
mesolitica-emotion-analysis-nanot5-small-malaysian-cased,Google,Text classification,,,,
mesolitica-sentiment-analysis-nanot5-small-malaysian-cased,Google,Text classification,,,,
meta-llama-meta-llama-3-70b-instruct,Meta,Text generation,,,,
meta-llama-meta-llama-3-8b-instruct,Meta,Text generation,,,,
meta-llama-meta-llama-guard-2-8b,Meta,Text generation,,,,
michelleli99-emotion-text-classifier,HuggingFace,Text classification,,,,
michelleli99-nsfw-text-classifier,HuggingFace,Text classification,,,,
microsoft-Orca-2-13b,Microsoft,Text generation,,,,
microsoft-Orca-2-7b,Microsoft,Text generation,,,,
microsoft-beit-base-patch16-224,Microsoft,Image classification,,,,
microsoft-beit-base-patch16-224-pt22k-ft22k,Microsoft,Image classification,,,,
microsoft-beit-large-finetuned-ade-640-640,Microsoft,Image segmentation,,,,
microsoft-bitnet-b1.58-2b-4t,Microsoft,Text generation,,,,
microsoft-chatbench-distilgpt2,HuggingFace,Text generation,,,,
microsoft-cvt-13,Microsoft,Image classification,,,,
microsoft-dayhoff-170m-gr,Microsoft,Text generation,,,,
microsoft-dayhoff-170m-ur50,Microsoft,Text generation,,,,
microsoft-dayhoff-170m-ur50-brn,Microsoft,Text generation,,,,
microsoft-dayhoff-170m-ur50-brq,Microsoft,Text generation,,,,
microsoft-dayhoff-170m-ur50-bru,Microsoft,Text generation,,,,
microsoft-dayhoff-170m-ur90,Microsoft,Text generation,,,,
microsoft-dayhoff-3b-gr-hm,Microsoft,Text generation,,,,
microsoft-dayhoff-3b-gr-hm-c,Microsoft,Text generation,,,,
microsoft-deberta-base,HuggingFace,Fill mask,,,,
microsoft-deberta-base-mnli,HuggingFace,Text classification,,,,
microsoft-deberta-large,HuggingFace,Fill mask,,,,
microsoft-deberta-large-mnli,HuggingFace,Text classification,,,,
microsoft-deberta-xlarge,HuggingFace,Fill mask,,,,
microsoft-dialogpt-large,Azure OpenAI,Conversational,,,,
microsoft-dialogpt-small,Azure OpenAI,Text generation,,,,
microsoft-fara-7b,Microsoft,Chat completion,,,,
microsoft-frogboss-32b-2510,Microsoft,Chat completion,,,,
microsoft-frogmini-14b-2510,Microsoft,Chat completion,,,,
microsoft-harrier-oss-v1-0.6b,Microsoft,Embeddings,,,,
microsoft-llava-med-v1.5-mistral-7b,Mistral AI,Image text to text,,,,
microsoft-llmlingua-2-bert-base-multilingual-cased-meetingbank,HuggingFace,Token classification,,,,
microsoft-llmlingua-2-xlm-roberta-large-meetingbank,HuggingFace,Token classification,,,,
microsoft-magma-8b,Microsoft,Image text to text,,,,
microsoft-mpnet-base,Microsoft,Fill mask,,,,
microsoft-nextcoder-14b,Microsoft,Text generation,,,,
microsoft-nextcoder-32b,Microsoft,Text generation,,,,
microsoft-nextcoder-7b,Microsoft,Text generation,,,,
microsoft-optimind-sft,Microsoft,Chat completion,,,,
microsoft-phi-1-5,Microsoft,Text generation,,,,
microsoft-phi-2,Microsoft,Text generation,,,,
microsoft-phi-4-reasoning-plus,Microsoft,Text generation,,,,
microsoft-rad-dino,Microsoft,Embeddings,,,,
microsoft-resnet-18,Microsoft,Image classification,,,,
microsoft-resnet-50,Microsoft,Image classification,,,,
microsoft-swin-base-patch4-window7-224,Microsoft,Image classification,,,,
microsoft-swin-tiny-patch4-window7-224,Microsoft,Image classification,,,,
microsoft-swinv2-base-patch4-window12-192-22k,Microsoft,Image classification,,,,
microsoft-table-transformer-detection,Microsoft,Object detection,,,,
microsoft-table-transformer-structure-recognition,Microsoft,Object detection,,,,
microsoft-tapex-base,Microsoft,Table question answering,,,,
microsoft-tapex-large-finetuned-wtq,Microsoft,Table question answering,,,,
microsoft-vibevoice-asr-hf,Microsoft,Audio text to text,,,,
mike0307-text2vec-base-chinese-rag,HuggingFace,Sentence similarity,,,,
mims-harvard-toolrag-t1-gte-qwen2-1-5b,Qwen (Alibaba),Embeddings,,,,
mims-harvard-txagent-t1-llama-3-1-8b,Meta,Text generation,,,,
minimaxai-minimax-m2,xAI,Chat completion,,,,
minimaxai-minimax-m2.1,xAI,Chat completion,,,,
minimaxai-minimax-m2.5,xAI,Chat completion,,,,
ministral-ministral-3b-instruct,Mistral AI,Text generation,,,,
miromind-ai-mirothinker-1.7,MiroMind,Chat completion,,,,
miromind-ai-mirothinker-1.7-mini,MiroMind,Chat completion,,,,
miromind-ai-mirothinker-v1.5-235b,MiroMind,Chat completion,,,,
miromind-ai-mirothinker-v1.5-30b,MiroMind,Chat completion,,,,
mistral-community-Mixtral-8x22B-v0-1,Mistral AI,Text generation,,,,
mistral-community-mistral-7b-v0.2,Mistral AI,Text generation,,,,
mistral-document-ai-2505,Mistral AI,Image to text,,,,
mistral-document-ai-2512,Mistral AI,Image to text,,,,
mistral-medium-2505,Mistral AI,"Chat completion,Image classification",,,,
mistral-small-2503,Mistral AI,"Chat completion,Image classification,Summarization,Text classification,Text generation,Translation",,,,
mistralai-Devstral-Small-2-24B-Instruct-2512,Mistral AI,Chat completion,,,,
mistralai-Devstral-Small-2505,Mistral AI,Chat completion,,,,
mistralai-Magistral-Small-2506,Mistral AI,Chat completion,,,,
mistralai-Magistral-Small-2507,Mistral AI,Chat completion,,,,
mistralai-Magistral-Small-2509,Mistral AI,Chat completion,,,,
mistralai-Mathstral-7B-v0.1,Mistral AI,Chat completion,,,,
mistralai-Ministral-3-14B-Instruct-2512,Mistral AI,Chat completion,,,,
mistralai-Ministral-3-14B-Reasoning-2512,Mistral AI,Chat completion,,,,
mistralai-Ministral-3-3B-Instruct-2512,Mistral AI,Chat completion,,,,
mistralai-Ministral-3-8B-Instruct-2512,Mistral AI,Chat completion,,,,
mistralai-Mistral-7B-Instruct-v0.3,Mistral AI,Chat completion,,,,
mistralai-Mistral-7B-Instruct-v01,Mistral AI,Chat completion,,,,
mistralai-Mistral-7B-v01,Mistral AI,Text generation,,,,
mistralai-Mistral-Large-3-675B-Instruct-2512,Mistral AI,Chat completion,,,,
mistralai-Mistral-Nemo-Instruct-2407,Mistral AI,Chat completion,,,,
mistralai-Mistral-Nemo-Instruct-FP8-2407,Mistral AI,Chat completion,,,,
mistralai-Mistral-Small-24B-Instruct-2501,Mistral AI,Chat completion,,,,
mistralai-Mistral-Small-3-1-24B-Instruct-2503,Mistral AI,Chat completion,,,,
mistralai-Mistral-Small-3.1-24B-Instruct-2503,Mistral AI,Chat completion,,,,
mistralai-Mistral-Small-3.2-24B-Instruct-2506,Mistral AI,Chat completion,,,,
mistralai-Mistral-Small-4-119B-2603,Mistral AI,Chat completion,,,,
mistralai-Mistral-Small-4-119B-2603-NVFP4,Mistral AI,Chat completion,,,,
mistralai-Mixtral-8x22B-Instruct-v0-1,Mistral AI,Chat completion,,,,
mistralai-Mixtral-8x22B-Instruct-v0.1,Mistral AI,Chat completion,,,,
mistralai-Mixtral-8x22B-v0-1,Mistral AI,Text generation,,,,
mistralai-Mixtral-8x7B-Instruct-v0.1,Mistral AI,Chat completion,,,,
mistralai-Mixtral-8x7B-Instruct-v01,Mistral AI,Chat completion,,,,
mistralai-Mixtral-8x7B-v01,Mistral AI,Text generation,,,,
mistralai-Pixtral-12B-2409,Mistral AI,Chat completion,,,,
mistralai-devstral-small-2-24b-instruct-2512,Mistral AI,Chat completion,,,,
mistralai-mistral-7b-instruct-v0.2,Mistral AI,Text generation,,,,
mistralai-mistral-small-4-119b-2603,Mistral AI,Chat completion,,,,
mistralai-mixtral-8x22b-instruct-v0.1,Mistral AI,Text generation,,,,
mlp-ktlim-llama-3-korean-bllossom-8b,Meta,Text generation,,,,
mlsa-iai-msu-lab-sci-rus-tiny3,HuggingFace,Feature extraction,,,,
mmd-3x-deformable-detr_refine_twostage_r50_16xb2-50e_coco,Meta,Object detection,,,,
mmd-3x-mask-rcnn_swin-t-p4-w7_fpn_1x_coco,HuggingFace,Image segmentation,,,,
mmd-3x-sparse-rcnn_r101_fpn_300-proposals_crop-ms-480-800-3x_coco,HuggingFace,Object detection,,,,
mmd-3x-sparse-rcnn_r50_fpn_300-proposals_crop-ms-480-800-3x_coco,HuggingFace,Object detection,,,,
mmd-3x-vfnet_r50-mdconv-c3-c5_fpn_ms-2x_coco,HuggingFace,Object detection,,,,
mmd-3x-vfnet_x101-64x4d-mdconv-c3-c5_fpn_ms-2x_coco,HuggingFace,Object detection,,,,
mmd-3x-yolof_r50_c5_8x8_1x_coco,HuggingFace,Object detection,,,,
mmeft,Microsoft,Multimodal classification,,,,
model-router,Microsoft,Chat completion,,,,
mongodb-mdbr-leaf-ir,MongoDB,Embeddings,,,,
monologg-kobert,HuggingFace,Feature extraction,,,,
moussakam-barthez-orangesum-abstract,HuggingFace,Summarization,,,,
mrm8488-bert-multi-cased-finetuned-xquadv1,HuggingFace,Question answering,,,,
mshenoda-roberta-spam,HuggingFace,Text classification,,,,
multiversecomputingcai-hypernova-60b,HuggingFace,Chat completion,,,,
my-model-asset-1,HuggingFace,,,,,
nanbeige-nanbeige4-3b-thinking-2511,Nanbeige,Chat completion,,,,
nanbeige-nanbeige4.1-3b,Nanbeige,Chat completion,,,,
nateraw-vit-age-classifier,Google,Image classification,,,,
nbailab-nb-bert-base,HuggingFace,Fill mask,,,,
ncbi-medcpt-article-encoder,NCBI,Feature extraction,,,,
ncbi-medcpt-query-encoder,NCBI,Feature extraction,,,,
neko-institute-of-science-llama-7b-hf,Meta,Text generation,,,,
nikhilchandak-openforecaster-8b,HuggingFace,Chat completion,,,,
niutrans-lmt-60-8b,Niutrans,Chat completion,,,,
nlpai-lab-kure-v1,HuggingFace,Feature extraction,,,,
nlphust-ner-vietnamese-electra-base,HuggingFace,Token classification,,,,
nlptown-bert-base-multilingual-uncased-sentiment,HuggingFace,Text classification,,,,
nn-tech-metalgpt-1,Azure OpenAI,Chat completion,,,,
norallm-normistral-7b-warm,Mistral AI,Text generation,,,,
nousresearch-hermes-2-pro-llama-3-8b,Meta,Text generation,,,,
nousresearch-hermes-4-14b,Nous Research,Chat completion,,,,
nousresearch-hermes-4.3-36b,Nous Research,Chat completion,,,,
nousresearch-llama-2-7b-chat-hf,Meta,Text generation,,,,
nousresearch-meta-llama-3-8b,Meta,Text generation,,,,
nousresearch-meta-llama-3-8b-instruct,Meta,Text generation,,,,
nousresearch-nous-hermes-2-mistral-7b-dpo,Mistral AI,Text generation,,,,
nroggendorff-smallama-7b,Meta,Text generation,,,,
nucleusai-nucleus-image,HuggingFace,Text to image,,,,
numind-nuextract-tiny,Numind,Text generation,,,,
numind-numarkdown-8b-thinking,Numind,Chat completion,,,,
nvidia-AceMath-RL-Nemotron-7B,NVIDIA,Chat completion,,,,
nvidia-AceReason-Nemotron-1.1-7B,NVIDIA,Chat completion,,,,
nvidia-AceReason-Nemotron-14B,NVIDIA,Chat completion,,,,
nvidia-AceReason-Nemotron-7B,NVIDIA,Chat completion,,,,
nvidia-NVIDIA-Nemotron-3-Nano-30B-A3B-BF16,NVIDIA,Chat completion,,,,
nvidia-NVIDIA-Nemotron-3-Nano-30B-A3B-NVFP4,NVIDIA,Chat completion,,,,
nvidia-NVIDIA-Nemotron-3-Nano-4B-FP8,NVIDIA,Chat completion,,,,
nvidia-NVIDIA-Nemotron-3-Super-120B-A12B-BF16,NVIDIA,Chat completion,,,,
nvidia-NVIDIA-Nemotron-3-Super-120B-A12B-FP8,NVIDIA,Chat completion,,,,
nvidia-NVIDIA-Nemotron-Nano-12B-v2,NVIDIA,Chat completion,,,,
nvidia-NVIDIA-Nemotron-Nano-12B-v2-VL-BF16,NVIDIA,Chat completion,,,,
nvidia-NVIDIA-Nemotron-Nano-12B-v2-VL-FP8,NVIDIA,Chat completion,,,,
nvidia-NVIDIA-Nemotron-Nano-9B-v2,NVIDIA,Chat completion,,,,
nvidia-NVIDIA-Nemotron-Nano-9B-v2-FP8,NVIDIA,Chat completion,,,,
nvidia-NVIDIA-Nemotron-Nano-9B-v2-Japanese,NVIDIA,Chat completion,,,,
nvidia-NVIDIA-Nemotron-Nano-9B-v2-NVFP4,NVIDIA,Chat completion,,,,
nvidia-Nemotron-3-Nano-Omni-30B-A3B-Reasoning-BF16,NVIDIA,Chat completion,,,,
nvidia-Nemotron-3-Nano-Omni-30B-A3B-Reasoning-FP8,NVIDIA,Chat completion,,,,
nvidia-Nemotron-3-Nano-Omni-30B-A3B-Reasoning-NVFP4,NVIDIA,Chat completion,,,,
nvidia-Nemotron-4-Mini-Hindi-4B-Instruct,NVIDIA,Chat completion,,,,
nvidia-Nemotron-Mini-4B-Instruct,NVIDIA,Chat completion,,,,
nvidia-Nemotron-Terminal-14B,NVIDIA,Chat completion,,,,
nvidia-Nemotron-Terminal-32B,NVIDIA,Chat completion,,,,
nvidia-Nemotron-Terminal-8B,NVIDIA,Chat completion,,,,
nvidia-OpenCodeReasoning-Nemotron-1.1-14B,NVIDIA,Chat completion,,,,
nvidia-OpenCodeReasoning-Nemotron-1.1-32B,NVIDIA,Chat completion,,,,
nvidia-OpenCodeReasoning-Nemotron-1.1-7B,NVIDIA,Chat completion,,,,
nvidia-OpenCodeReasoning-Nemotron-14B,NVIDIA,Chat completion,,,,
nvidia-OpenCodeReasoning-Nemotron-32B,NVIDIA,Chat completion,,,,
nvidia-OpenCodeReasoning-Nemotron-32B-IOI,NVIDIA,Chat completion,,,,
nvidia-OpenCodeReasoning-Nemotron-7B,NVIDIA,Chat completion,,,,
nvidia-OpenMath-Nemotron-1.5B,NVIDIA,Chat completion,,,,
nvidia-OpenMath-Nemotron-14B,NVIDIA,Chat completion,,,,
nvidia-OpenMath-Nemotron-14B-Kaggle,NVIDIA,Chat completion,,,,
nvidia-OpenMath-Nemotron-32B,NVIDIA,Chat completion,,,,
nvidia-OpenMath-Nemotron-7B,NVIDIA,Chat completion,,,,
nvidia-OpenReasoning-Nemotron-1.5B,NVIDIA,Chat completion,,,,
nvidia-OpenReasoning-Nemotron-14B,NVIDIA,Chat completion,,,,
nvidia-OpenReasoning-Nemotron-32B,NVIDIA,Chat completion,,,,
nvidia-OpenReasoning-Nemotron-7B,NVIDIA,Chat completion,,,,
nvidia-canary-1b-v2,NVIDIA,Automatic speech recognition,,,,
nvidia-cosmos-reason1-7b,NVIDIA,Chat completion,,,,
nvidia-egm-4b,NVIDIA,Completions,,,,
nvidia-egm-4b-sft,NVIDIA,Chat completion,,,,
nvidia-egm-8b,NVIDIA,Completions,,,,
nvidia-egm-8b-sft,NVIDIA,Chat completion,,,,
nvidia-gemma-4-31b-it-nvfp4,NVIDIA,Chat completion,,,,
nvidia-glm-5.1-nvfp4,NVIDIA,Chat completion,,,,
nvidia-ising-calibration-1-35b-a3b,NVIDIA,Chat completion,,,,
nvidia-llama3-chatqa-1.5-8b,NVIDIA,Text generation,,,,
nvidia-minimax-m2.7-nvfp4,NVIDIA,Chat completion,,,,
nvidia-nemotron-3-nano-omni-30b-a3b-reasoning-bf16,NVIDIA,Chat completion,,,,
nvidia-nemotron-3-nano-omni-30b-a3b-reasoning-fp8,NVIDIA,Chat completion,,,,
nvidia-nemotron-3-nano-omni-30b-a3b-reasoning-nvfp4,NVIDIA,Chat completion,,,,
nvidia-nemotron-cascade-2-30b-a3b,NVIDIA,Chat completion,,,,
nvidia-nemotron-speech-streaming-en-0.6b,NVIDIA,Automatic speech recognition,,,,
nvidia-nvidia-nemotron-3-nano-30b-a3b-bf16,NVIDIA,Chat completion,,,,
nvidia-nvidia-nemotron-3-super-120b-a12b-bf16,NVIDIA,Chat completion,,,,
nvidia-nvidia-nemotron-3-super-120b-a12b-fp8,NVIDIA,Chat completion,,,,
nvidia-nvidia-nemotron-nano-12b-v2,NVIDIA,Chat completion,,,,
nvidia-nvidia-nemotron-nano-9b-v2,NVIDIA,Chat completion,,,,
nvidia-parakeet-ctc-0.6b,NVIDIA,Automatic speech recognition,,,,
nvidia-parakeet-ctc-1.1b,NVIDIA,Automatic speech recognition,,,,
nvidia-parakeet-rnnt-1.1b,NVIDIA,Automatic speech recognition,,,,
nvidia-parakeet-tdt-0.6b-v2,NVIDIA,Automatic speech recognition,,,,
nvidia-parakeet-tdt-0.6b-v3,NVIDIA,Automatic speech recognition,,,,
nvidia-parakeet-tdt-1.1b,NVIDIA,Automatic speech recognition,,,,
nvidia-parakeet-tdt-ctc-0.6b-ja,NVIDIA,Automatic speech recognition,,,,
nvidia-parakeet-tdt-ctc-1.1b,NVIDIA,Automatic speech recognition,,,,
nvidia-qwen3-nemotron-235b-a22b-genrm,NVIDIA,Chat completion,,,,
nvidia-qwen3-nemotron-235b-a22b-genrm-2603,NVIDIA,Chat completion,,,,
nvidia-qwen3-vl-235b-a22b-instruct-nvfp4,NVIDIA,Chat completion,,,,
nvidia-qwen3.5-122b-a10b-nvfp4,NVIDIA,Chat completion,,,,
nvidia-qwen3.6-35b-a3b-nvfp4,NVIDIA,Chat completion,,,,
o1,Azure OpenAI,"Chat completion,Responses",,,,
o3,Azure OpenAI,"Chat completion,Responses",,,,
o3-deep-research,Azure OpenAI,Data generation,,,,
o3-mini,Azure OpenAI,"Chat completion,Responses",,,,
o3-pro,Azure OpenAI,"Chat completion,Responses",,,,
o4-mini,Azure OpenAI,"Chat completion,Responses",,,,
ocsort_yolox_x_crowdhuman_mot17-private-half,HuggingFace,Multi-object tracking,,,,
octen-octen-embedding-0.6b,Octen,Embeddings,,,,
oliverguhr-fullstop-punctuation-multilang-large,HuggingFace,Token classification,,,,
openai-clip-vit-base-patch32,OpenAI,Zero shot image classification,,,,
openai-clip-vit-large-patch14,OpenAI,Zero shot image classification,,,,
openai-community-gpt2,HuggingFace,Text generation,,,,
openai-community-gpt2-large,HuggingFace,Text generation,,,,
openai-community-gpt2-medium,HuggingFace,Text generation,,,,
openai-community-roberta-base-openai-detector,HuggingFace,Text classification,,,,
openai-gpt-oss-120b,Azure OpenAI,Chat completion,,,,
openai-gpt-oss-20b,Azure OpenAI,Chat completion,,,,
openai-gpt-oss-safeguard-120b,Azure OpenAI,Chat completion,,,,
openai-gpt-oss-safeguard-20b,Azure OpenAI,Chat completion,,,,
openai-whisper-base,Azure OpenAI,Automatic speech recognition,,,,
openai-whisper-large,Azure OpenAI,Automatic speech recognition,,,,
openai-whisper-large-v2,Azure OpenAI,Automatic speech recognition,,,,
openai-whisper-large-v3,Azure OpenAI,Automatic speech recognition,,,,
openai-whisper-large-v3-turbo,Azure OpenAI,Automatic speech recognition,,,,
openai-whisper-medium,Azure OpenAI,Automatic speech recognition,,,,
openai-whisper-small,Azure OpenAI,Automatic speech recognition,,,,
openai-whisper-tiny,Azure OpenAI,Automatic speech recognition,,,,
opendatalab-mineru2.5-2509-1.2b,DataLab,Chat completion,,,,
opengvlab-scalecua-32b,OpenGVLab,Chat completion,,,,
openmoss-team-bart-base-chinese,Meta,Text to text generation,,,,
openmoss-team-bart-large-chinese,Meta,Text to text generation,,,,
openmoss-team-cpt-base,HuggingFace,Text to text generation,,,,
openmoss-team-elasticbert-base,HuggingFace,Fill mask,,,,
oppoer-qwen-image-pruning,Qwen (Alibaba),Text to image,,,,
owen777-ultraflux-v1,Black Forest Labs,Text to image,,,,
p1atdev-dart-v2-moe-sft,HuggingFace,Text generation,,,,
papluca-xlm-roberta-base-language-detection,HuggingFace,Text classification,,,,
pdelobelle-robbert-v2-dutch-base,HuggingFace,Fill mask,,,,
peft-internal-testing-tiny-dummy-qwen2,Qwen (Alibaba),Text generation,,,,
pekingu-rtdetr-r101vd-coco-o365,Azure OpenAI,Object detection,,,,
pekingu-rtdetr-r18vd,Meta,Object detection,,,,
pekingu-rtdetr-r50vd,Meta,Object detection,,,,
pekingu-rtdetr-r50vd-coco-o365,Azure OpenAI,Object detection,,,,
pekingu-rtdetr-v2-r18vd,Meta,Object detection,,,,
perplexity-ai-browsesafe,Perplexity AI,Chat completion,,,,
petals-team-stablebeluga2,HuggingFace,Text generation,,,,
philschmid-bart-large-cnn-samsum,Meta,Summarization,,,,
pleias-baguettotron,HuggingFace,Chat completion,,,,
pm-ai-bi-encoder-msmarco-bert-base-german,HuggingFace,Sentence similarity,,,,
pokeeai-pokee-research-7b,HuggingFace,Chat completion,,,,
prem-research-miniguard-v0.1,HuggingFace,Chat completion,,,,
projecte-aina-FLOR-1-3B,Projecte Aina,Text generation,,,,
projecte-aina-FLOR-1-3B-Instructed,Projecte Aina,Text generation,,,,
projecte-aina-FLOR-6-3B,Projecte Aina,Text generation,,,,
projecte-aina-FLOR-6-3B-Instructed,Projecte Aina,Text generation,,,,
projecte-aina-aguila-7b,Projecte Aina,Text generation,,,,
proxectonos-llama-3-1-carballo,Meta,Text generation,,,,
pythainlp-thainer-corpus-v2-base-model,HuggingFace,Token classification,,,,
qcri-fanar-1-9b,QCRI,Text generation,,,,
qwen-qvq-72b-preview,Qwen (Alibaba),Image text to text,,,,
qwen-qwen-image,Qwen (Alibaba),Text to image,,,,
qwen-qwen-image-2512,Qwen (Alibaba),Text to image,,,,
qwen-qwen-image-bench,Qwen (Alibaba),Chat completion,,,,
qwen-qwen1.5-110b-chat,Qwen (Alibaba),Text generation,,,,
qwen-qwen2-1.5b,Qwen (Alibaba),Text generation,,,,
qwen-qwen2-72b-instruct,Qwen (Alibaba),Text generation,,,,
qwen-qwen2-7b,Qwen (Alibaba),Text generation,,,,
qwen-qwen2-7b-instruct,Qwen (Alibaba),Text generation,,,,
qwen-qwen2-vl-2b,Qwen (Alibaba),Image text to text,,,,
qwen-qwen2-vl-2b-instruct,Qwen (Alibaba),Image text to text,,,,
qwen-qwen2-vl-72b-instruct,Qwen (Alibaba),Image text to text,,,,
qwen-qwen2-vl-7b-instruct,Qwen (Alibaba),Image text to text,,,,
qwen-qwen2.5-vl-32b-instruct,Qwen (Alibaba),Image text to text,,,,
qwen-qwen2.5-vl-3b-instruct,Qwen (Alibaba),Image text to text,,,,
qwen-qwen2.5-vl-72b-instruct,Qwen (Alibaba),Image text to text,,,,
qwen-qwen2.5-vl-7b-instruct,Qwen (Alibaba),Image text to text,,,,
qwen-qwen3-0.6b,Qwen (Alibaba),Chat completion,,,,
qwen-qwen3-1.7b,Qwen (Alibaba),Chat completion,,,,
qwen-qwen3-235b-a22b-instruct-2507,Qwen (Alibaba),Chat completion,,,,
qwen-qwen3-235b-a22b-instruct-2507-fp8,Qwen (Alibaba),Chat completion,,,,
qwen-qwen3-235b-a22b-thinking-2507,Qwen (Alibaba),Chat completion,,,,
qwen-qwen3-235b-a22b-thinking-2507-fp8,Qwen (Alibaba),Chat completion,,,,
qwen-qwen3-30b-a3b-instruct-2507,Qwen (Alibaba),Chat completion,,,,
qwen-qwen3-30b-a3b-instruct-2507-fp8,Qwen (Alibaba),Chat completion,,,,
qwen-qwen3-30b-a3b-thinking-2507,Qwen (Alibaba),Chat completion,,,,
qwen-qwen3-30b-a3b-thinking-2507-fp8,Qwen (Alibaba),Chat completion,,,,
qwen-qwen3-32b,Qwen (Alibaba),Chat completion,,,,
qwen-qwen3-4b,Qwen (Alibaba),Chat completion,,,,
qwen-qwen3-4b-instruct-2507,Qwen (Alibaba),Chat completion,,,,
qwen-qwen3-4b-instruct-2507-fp8,Qwen (Alibaba),Chat completion,,,,
qwen-qwen3-4b-saferl,Qwen (Alibaba),Chat completion,,,,
qwen-qwen3-4b-thinking-2507,Qwen (Alibaba),Chat completion,,,,
qwen-qwen3-4b-thinking-2507-fp8,Qwen (Alibaba),Chat completion,,,,
qwen-qwen3-asr-1.7b,Qwen (Alibaba),Automatic speech recognition,,,,
qwen-qwen3-coder-30b-a3b-instruct,Qwen (Alibaba),Chat completion,,,,
qwen-qwen3-coder-30b-a3b-instruct-fp8,Qwen (Alibaba),Chat completion,,,,
qwen-qwen3-coder-480b-a35b-instruct-fp8,Qwen (Alibaba),Chat completion,,,,
qwen-qwen3-coder-next,Qwen (Alibaba),Chat completion,,,,
qwen-qwen3-coder-next-gguf,Qwen (Alibaba),Chat completion,,,,
qwen-qwen3-embedding-0.6b,Qwen (Alibaba),Embeddings,,,,
qwen-qwen3-embedding-8b,Qwen (Alibaba),Embeddings,,,,
qwen-qwen3-next-80b-a3b-instruct,Qwen (Alibaba),Chat completion,,,,
qwen-qwen3-next-80b-a3b-instruct-fp8,Qwen (Alibaba),Chat completion,,,,
qwen-qwen3-next-80b-a3b-thinking,Qwen (Alibaba),Chat completion,,,,
qwen-qwen3-next-80b-a3b-thinking-fp8,Qwen (Alibaba),Chat completion,,,,
qwen-qwen3-next-80b-a3b-thinking-gguf,Qwen (Alibaba),Chat completion,,,,
qwen-qwen3-vl-235b-a22b-instruct,Qwen (Alibaba),Chat completion,,,,
qwen-qwen3-vl-235b-a22b-instruct-fp8,Qwen (Alibaba),Chat completion,,,,
qwen-qwen3-vl-235b-a22b-thinking,Qwen (Alibaba),Chat completion,,,,
qwen-qwen3-vl-235b-a22b-thinking-fp8,Qwen (Alibaba),Chat completion,,,,
qwen-qwen3-vl-2b-instruct,Qwen (Alibaba),Chat completion,,,,
qwen-qwen3-vl-2b-instruct-fp8,Qwen (Alibaba),Chat completion,,,,
qwen-qwen3-vl-2b-thinking,Qwen (Alibaba),Chat completion,,,,
qwen-qwen3-vl-2b-thinking-fp8,Qwen (Alibaba),Chat completion,,,,
qwen-qwen3-vl-30b-a3b-instruct,Qwen (Alibaba),Chat completion,,,,
qwen-qwen3-vl-30b-a3b-instruct-fp8,Qwen (Alibaba),Chat completion,,,,
qwen-qwen3-vl-30b-a3b-thinking,Qwen (Alibaba),Chat completion,,,,
qwen-qwen3-vl-30b-a3b-thinking-fp8,Qwen (Alibaba),Chat completion,,,,
qwen-qwen3-vl-32b-instruct,Qwen (Alibaba),Chat completion,,,,
qwen-qwen3-vl-32b-thinking,Qwen (Alibaba),Chat completion,,,,
qwen-qwen3-vl-32b-thinking-fp8,Qwen (Alibaba),Chat completion,,,,
qwen-qwen3-vl-4b-instruct-fp8,Qwen (Alibaba),Chat completion,,,,
qwen-qwen3-vl-4b-thinking,Qwen (Alibaba),Chat completion,,,,
qwen-qwen3-vl-4b-thinking-fp8,Qwen (Alibaba),Chat completion,,,,
qwen-qwen3-vl-8b-instruct,Qwen (Alibaba),Chat completion,,,,
qwen-qwen3-vl-8b-instruct-fp8,Qwen (Alibaba),Chat completion,,,,
qwen-qwen3-vl-8b-thinking,Qwen (Alibaba),Chat completion,,,,
qwen-qwen3-vl-8b-thinking-fp8,Qwen (Alibaba),Chat completion,,,,
qwen-qwen3.5-0.8b,Qwen (Alibaba),Chat completion,,,,
qwen-qwen3.5-122b-a10b,Qwen (Alibaba),Chat completion,,,,
qwen-qwen3.5-122b-a10b-gptq-int4,Qwen (Alibaba),Chat completion,,,,
qwen-qwen3.5-27b,Qwen (Alibaba),Chat completion,,,,
qwen-qwen3.5-27b-fp8,Qwen (Alibaba),Chat completion,,,,
qwen-qwen3.5-27b-gptq-int4,Qwen (Alibaba),Chat completion,,,,
qwen-qwen3.5-2b,Qwen (Alibaba),Chat completion,,,,
qwen-qwen3.5-35b-a3b,Qwen (Alibaba),Chat completion,,,,
qwen-qwen3.5-35b-a3b-base,Qwen (Alibaba),Chat completion,,,,
qwen-qwen3.5-35b-a3b-fp8,Qwen (Alibaba),Chat completion,,,,
qwen-qwen3.5-35b-a3b-gptq-int4,Qwen (Alibaba),Chat completion,,,,
qwen-qwen3.5-397b-a17b-gptq-int4,Qwen (Alibaba),Chat completion,,,,
qwen-qwen3.5-4b,Qwen (Alibaba),Chat completion,,,,
qwen-qwen3.5-9b,Qwen (Alibaba),Chat completion,,,,
qwen-qwen3.6-27b,Qwen (Alibaba),Chat completion,,,,
qwen-qwen3.6-27b-fp8,Qwen (Alibaba),Chat completion,,,,
qwen-qwen3.6-35b-a3b,Qwen (Alibaba),Chat completion,,,,
qwen-qwen3.6-35b-a3b-fp8,Qwen (Alibaba),Chat completion,,,,
qwen-qwen3guard-gen-0.6b,Qwen (Alibaba),Chat completion,,,,
qwen-qwen3guard-gen-4b,Qwen (Alibaba),Chat completion,,,,
qwen-qwen3guard-gen-8b,Qwen (Alibaba),Chat completion,,,,
qwen-qwq-32b-preview,Qwen (Alibaba),Text generation,,,,
qwen-webworld-14b,Qwen (Alibaba),Chat completion,,,,
qwen-webworld-32b,Qwen (Alibaba),Chat completion,,,,
qwen-webworld-8b,Qwen (Alibaba),Chat completion,,,,
qwen3-32b,Qwen (Alibaba),Chat completion,,,,
rafaelstankiewicz-setfit-article-classifier,HuggingFace,Feature extraction,,,,
rakuten-rakutenai-7b,Rakuten,Text generation,,,,
redhatai-gemma-4-31b-it-nvfp4,Google,Chat completion,,,,
redwoodresearch-math-pwd-lock-deepseek-math7b-on-weak-pythia1b,DeepSeek,Text generation,,,,
remynd-whisper-medium-pt,Azure OpenAI,Automatic speech recognition,,,,
roberta-base,HuggingFace,Fill mask,,,,
roberta-base-openai-detector,HuggingFace,Text classification,,,,
roberta-large,HuggingFace,Fill mask,,,,
roberta-large-mnli,HuggingFace,Text classification,,,,
roberta-large-openai-detector,HuggingFace,Text classification,,,,
roblox-roblox-pii-classifier,Roblox,Text classification,,,,
roborovski-superprompt-v1,HuggingFace,Text generation,,,,
robowaifudev-megatron-gpt2-345m,HuggingFace,Text generation,,,,
ruc-datalab-deepanalyze-8b,DataLab,Chat completion,,,,
runwayml-stable-diffusion-inpainting,Stability AI,Text to image,,,,
runwayml-stable-diffusion-v1-5,Stability AI,Text to image,,,,
ruspam-spam-deberta-v4,HuggingFace,Text classification,,,,
sail-sailor-0.5b,Sail,Text generation,,,,
sail-sailor-1.8b-chat,Sail,Text generation,,,,
salesforce-sfr-embedding-2-r,Salesforce,Feature extraction,,,,
salesforce-sfr-embedding-mistral,Mistral AI,Feature extraction,,,,
samlowe-roberta-base-go-emotions,HuggingFace,Text classification,,,,
samuelbang-aescoder-4b,HuggingFace,Chat completion,,,,
sarvamai-openhathi-7b-hi-v0.1-base,Sarvam AI,Text generation,,,,
sarvamai-sarvam-105b,Sarvam AI,Chat completion,,,,
sarvamai-sarvam-2b-v0.5,Sarvam AI,Text generation,,,,
sarvamai-sarvam-30b,Sarvam AI,Chat completion,,,,
sbintuitions-sarashina-embedding-v1-1b,HuggingFace,Sentence similarity,,,,
sdadas-mmlw-retrieval-roberta-large,HuggingFace,Sentence similarity,,,,
sdadas-mmlw-roberta-base,HuggingFace,Sentence similarity,,,,
seethal-sentiment-analysis-generic-dataset,HuggingFace,Text classification,,,,
sensetime-deformable-detr,Meta,Object detection,,,,
sentence-transformers-all-minilm-l6-v2,Sentence-Transformers,Embeddings,,,,
sentence-transformers-clip-vit-b-32-multilingual-v1,Sentence-Transformers,Sentence similarity,,,,
sentence-transformers-msmarco-distilbert-cos-v5,HuggingFace,Sentence similarity,,,,
sentence-transformers-msmarco-minilm-l12-cos-v5,Sentence-Transformers,Sentence similarity,,,,
sentence-transformers-msmarco-minilm-l6-cos-v5,Sentence-Transformers,Sentence similarity,,,,
sentence-transformers-multi-qa-distilbert-cos-v1,HuggingFace,Sentence similarity,,,,
sentence-transformers-multi-qa-minilm-l6-cos-v1,Sentence-Transformers,Embeddings,,,,
sentence-transformers-paraphrase-multilingual-minilm-l12-v2,Sentence-Transformers,Embeddings,,,,
sentence-transformers-testing-stsb-bert-tiny-openvino,HuggingFace,Sentence similarity,,,,
sergeyzh-rubert-tiny-turbo,HuggingFace,Sentence similarity,,,,
servicenow-ai-aprielguard,ServiceNow,Chat completion,,,,
servicenow-groundnext-7b-v0,ServiceNow,Chat completion,,,,
sg161222-spark.chroma-preview,Microsoft,Text to image,,,,
shahruk10-wav2vec2-xls-r-300m-bengali-commonvoice,Meta,Automatic speech recognition,,,,
shahrukhx01-question-vs-statement-classifier,HuggingFace,Text classification,,,,
shenzhi-wang-llama3-8b-chinese-chat,Meta,Text generation,,,,
shibing624-mengzi-t5-base-chinese-correction,Google,Text generation,,,,
shibing624-text2vec-bge-large-chinese,BAAI,Sentence similarity,,,,
shisa-ai-shisa-v2.1-qwen3-8b,Qwen (Alibaba),Chat completion,,,,
shisa-ai-shisa-v2.1-unphi4-14b,HuggingFace,Chat completion,,,,
sileod-deberta-v3-base-tasksource-nli,HuggingFace,Zero shot classification,,,,
silma-ai-silma-9b-instruct-v1.0,Microsoft,Text generation,,,,
skshmjn-pokemon-classifier-gen9-1025,HuggingFace,Image classification,,,,
skywork-skywork-reward-gemma-2-27b,Google,Text classification,,,,
snowflake-arctic-base,Snowflake,Text generation,,,,
snowflake-arctic-instruct,Snowflake,Chat completion,,,,
snowflake-snowflake-arctic-embed-l,Snowflake,Sentence similarity,,,,
snowflake-snowflake-arctic-embed-s,Snowflake,Sentence similarity,,,,
snowflake-snowflake-arctic-embed-xs,Snowflake,Sentence similarity,,,,
sociocom-medner-cr-ja,HuggingFace,Token classification,,,,
sonarsource-sonarsweep-java-gpt-oss-20b,Azure OpenAI,Chat completion,,,,
sonoisa-sentence-bert-base-ja-mean-tokens,HuggingFace,Feature extraction,,,,
sonoisa-sentence-bert-base-ja-mean-tokens-v2,HuggingFace,Feature extraction,,,,
sonoisa-t5-base-japanese,Google,Text generation,,,,
sora-2,OpenAI,Video generation,,,,
speakleash-bielik-11b-v2-3-instruct,SpeakLeash,Text generation,,,,
speakleash-bielik-11b-v2.6-instruct-gguf,SpeakLeash,Chat completion,,,,
speakleash-bielik-11b-v3.0-instruct,SpeakLeash,Chat completion,,,,
speakleash-bielik-4.5b-v3.0-instruct,SpeakLeash,Chat completion,,,,
sreenington-phi-3-mini-4k-instruct-awq,Microsoft,Text generation,,,,
sshleifer-distilbart-cnn-12-6,Meta,Text summarization,,,,
stabilityai-stable-diffusion-2-1,Stability AI,Text to image,,,,
stabilityai-stable-diffusion-2-inpainting,Stability AI,Text to image,,,,
stabilityai-stable-diffusion-xl-base-1-0,Stability AI,Text to image,,,,
stabilityai-stable-diffusion-xl-base-1.0,Stability AI,Text to image,,,,
stabilityai-stable-diffusion-xl-refiner-1-0,Stability AI,Image to image,,,,
stanfordnlp-steamshp-flan-t5-large,Google,Text to text generation,,,,
state-spaces-mamba-130m-hf,State Spaces,Text generation,,,,
stepfun-ai-gelab-zero-4b-preview,HuggingFace,Chat completion,,,,
supply-chain-trade-regulations,Microsoft,Chat completion,,,,
supply-chain-trade-regulations-v2,Microsoft,Chat completion,,,,
swiss-ai-apertus-70b-2509,Swiss AI,Chat completion,,,,
swiss-ai-apertus-70b-instruct-2509,Swiss AI,Chat completion,,,,
swiss-ai-apertus-8b-2509,Swiss AI,Chat completion,,,,
swiss-ai-apertus-8b-instruct-2509,Swiss AI,Chat completion,,,,
syedkhalid0-deberta-zero-shot-classification,HuggingFace,Zero shot classification,,,,
t5-base,Google,Text translation,,,,
t5-large,Google,Text translation,,,,
t5-small,Google,Text translation,,,,
taylorai-bge-micro-v2,BAAI,Sentence similarity,,,,
teknium-openhermes-2.5-mistral-7b,Mistral AI,Text generation,,,,
tenyx-llama3-tenyxchat-70b,Meta,Text generation,,,,
tenzingayche-bert-large-book-genre-classification,HuggingFace,Text classification,,,,
tesslate-omnicoder-9b,Tesslate,Chat completion,,,,
tesslate-uigen-fx-4b-preview,Tesslate,Chat completion,,,,
tesslate-uigen-x-32b-0727,Tesslate,Chat completion,,,,
tesslate-webgen-4b-preview,Tesslate,Chat completion,,,,
tesslate-webgen-oss-20b,Tesslate,Chat completion,,,,
text-embedding-3-large,Azure OpenAI,Embeddings,,,,
text-embedding-3-small,Azure OpenAI,Embeddings,,,,
text-embedding-ada-002,Azure OpenAI,Embeddings,,,,
thebloke-llama-2-7b-gptq,Meta,Text generation,,,,
thenlper-gte-small,Alibaba,Sentence similarity,,,,
third-intellect-phi-3-mini-4k-instruct-orca-math-word-problems-200k-model-16bit,Microsoft,Text generation,,,,
ticlazau-starcoder2-15b-instruct-rpgle,BigCode,Text generation,,,,
tiiuae-falcon-40b,TII,Text generation,,,,
tiiuae-falcon-7b,TII,Text generation,,,,
tiiuae-falcon-7b-instruct,TII,Text generation,,,,
tiiuae-falcon3-10b-instruct,TII,Text generation,,,,
tiiuae-falcon3-3b-instruct,TII,Text generation,,,,
timpal0l-mdeberta-v3-base-squad2,HuggingFace,Question answering,,,,
tinyllama-tinyllama-1.1b-chat-v1.0,Meta,Text generation,,,,
titanml-tiny-mixtral,Mistral AI,Text generation,,,,
titanml-tiny-mixtral-awq-4bit,Mistral AI,Text generation,,,,
tokyotech-llm-gpt-oss-swallow-20b-rl-v0.1,Azure OpenAI,Chat completion,,,,
tomg-group-umd-dynaguard-8b,HuggingFace,Chat completion,,,,
tongyi-mai-z-image,01.AI,Text to image,,,,
tongyi-mai-z-image-turbo,01.AI,Text to image,,,,
trl-internal-testing-tiny-bartmodel,HuggingFace,Feature extraction,,,,
tsuzumi-7b,NTT Data,Chat completion,,,,
tsuzumi2,NTT Data,Chat completion,,,,
tts,Microsoft,Text to speech,,,,
turkunlp-bert-base-finnish-cased-v1,HuggingFace,Fill mask,,,,
typhoon-ai-llama-3-typhoon-v1.5x-70b-instruct,Meta,Text generation,,,,
typhoon-ai-typhoon-7b-instruct-02-19-2024,Typhoon AI,Text generation,,,,
unsloth-gemma-2-9b-bnb-4bit,Google,Text generation,,,,
unsloth-gemma-3-12b-it,Google,Image text to text,,,,
unsloth-gemma-3-12b-it-unsloth-bnb-4bit,Google,Image text to text,,,,
unsloth-gemma-3-27b-it,Google,Image text to text,,,,
unsloth-gemma-3-27b-it-unsloth-bnb-4bit,Google,Image text to text,,,,
unsloth-gemma-3-4b-it,Google,Image text to text,,,,
unsloth-gemma-3-4b-it-unsloth-bnb-4bit,Google,Image text to text,,,,
unsloth-glm-4.7-flash-gguf,Zhipu AI,Chat completion,,,,
unsloth-llama-3-8b-bnb-4bit,Meta,Text generation,,,,
unsloth-llama-3-8b-instruct-bnb-4bit,Meta,Text generation,,,,
unsloth-mistral-7b-bnb-4bit,Mistral AI,Text generation,,,,
unsloth-mistral-nemo-instruct-2407,Mistral AI,Text generation,,,,
unsloth-mistral-small-24b-instruct-2501,Mistral AI,Text generation,,,,
unsloth-mistral-small-24b-instruct-2501-unsloth-bnb-4bit,Mistral AI,Text generation,,,,
unsloth-phi-3-medium-4k-instruct,Microsoft,Text generation,,,,
unsloth-phi-3.5-mini-instruct,Microsoft,Text generation,,,,
unsloth-phi-4,Microsoft,Text generation,,,,
unsloth-phi-4-unsloth-bnb-4bit,Microsoft,Text generation,,,,
unsloth-qwen3.6-27b-nvfp4,Qwen (Alibaba),Chat completion,,,,
unsloth-qwen3.6-35b-a3b,Qwen (Alibaba),Chat completion,,,,
unsloth-qwen3.6-35b-a3b-gguf,Qwen (Alibaba),Chat completion,,,,
unslothai-2,Unsloth,Feature extraction,,,,
unslothai-3,Unsloth,Feature extraction,,,,
unslothai-4,Unsloth,Feature extraction,,,,
unslothai-8,Unsloth,Feature extraction,,,,
upstage-solar-10.7b-v1.0,Upstage,Text generation,,,,
utter-project-eurollm-22b-instruct-2512,Utter Project,Chat completion,,,,
utter-project-mhubert-147,HuggingFace,Feature extraction,,,,
vagosolutions-llama-3.1-sauerkrautlm-70b-instruct,Meta,Text generation,,,,
vagosolutions-llama-3.1-sauerkrautlm-8b-instruct,Meta,Text generation,,,,
vagosolutions-sauerkrautlm-nemo-12b-instruct,HuggingFace,Text generation,,,,
valentinafevu-yolos-fashionpedia,HuggingFace,Object detection,,,,
valhalla-distilbart-mnli-12-1,Meta,Zero shot classification,,,,
valhalla-longformer-base-4096-finetuned-squadv1,HuggingFace,Question answering,,,,
valiantlabs-gpt-oss-20b-shiningvaliant3,Azure OpenAI,Chat completion,,,,
vngrs-ai-kumru-2b,HuggingFace,Chat completion,,,,
vonjack-phi-3-mini-4k-instruct-llamafied,Microsoft,Text generation,,,,
voyage-3.5-embedding-model,Voyage AI,Embeddings,,,,
voyage-4-embedding-model,Voyage AI,Embeddings,,,,
voyage-4-large-embedding-model,Voyage AI,Embeddings,,,,
voyage-4-lite-embedding-model,Voyage AI,Embeddings,,,,
vrandan-comment-moderation,HuggingFace,Text classification,,,,
w11wo-indonesian-roberta-base-sentiment-classifier,HuggingFace,Text classification,,,,
weiboai-vibethinker-1.5b,HuggingFace,Chat completion,,,,
wietsedv-bert-base-dutch-cased,HuggingFace,Fill mask,,,,
winkawaks-vit-tiny-patch16-224,Google,Image classification,,,,
writer-palmyra-mini,Writer,Chat completion,,,,
writer-palmyra-mini-thinking-a,Writer,Chat completion,,,,
writer-palmyra-mini-thinking-b,Writer,Chat completion,,,,
xbgoose-hubert-large-speech-emotion-recognition-russian-dusha-finetuned,HuggingFace,Audio classification,,,,
xlabs-ai-xflux-text-encoders,Black Forest Labs,Text generation,,,,
xlm-roberta-base,HuggingFace,Fill mask,,,,
yanolja-yanoljanext-rosetta-20b,Yanolja,Chat completion,,,,
yentinglin-llama-3-taiwan-70b-instruct,Meta,Text generation,,,,
yoyo-ai-qwen3-30b-a3b-mixture-2507,Qwen (Alibaba),Chat completion,,,,
zai-org-autoglm-phone-9b,Zhipu AI,Chat completion,,,,
zai-org-autoglm-phone-9b-multilingual,Zhipu AI,Chat completion,,,,
zai-org-glm-4.1v-9b-thinking,Zhipu AI,Chat completion,,,,
zai-org-glm-4.5-air,Zhipu AI,Chat completion,,,,
zai-org-glm-4.5-air-fp8,Zhipu AI,Chat completion,,,,
zai-org-glm-4.5-fp8,Zhipu AI,Chat completion,,,,
zai-org-glm-4.6-fp8,Zhipu AI,Chat completion,,,,
zai-org-glm-4.6v,Zhipu AI,Chat completion,,,,
zai-org-glm-4.6v-flash,Zhipu AI,Chat completion,,,,
zai-org-glm-4.7-flash,Zhipu AI,Chat completion,,,,
zai-org-glm-asr-nano-2512,Zhipu AI,Automatic speech recognition,,,,
zai-org-glm-image,Zhipu AI,Text to image,,,,
zai-org-glm-ocr,Zhipu AI,Chat completion,,,,
zai-org-glyph,Zhipu AI,Chat completion,,,,
zed-industries-zeta-2,HuggingFace,Completions,,,,
zerofata-ms3.2-paintedfantasy-v3-24b,HuggingFace,Chat completion,,,,
zigeng-slimsam-uniform-77,Meta,Feature extraction,,,,
